{
    "_declaration": {
        "_attributes": {
            "version": "1.0",
            "encoding": "UTF-8"
        }
    },
    "_comment": " generated on Mon May 13 18:41:42 2024 by SUMO duarouter Version 0.32.0\n<?xml version=\"1.0\" encoding=\"UTF-8\"?>\n\n<configuration xmlns:xsi=\"http://www.w3.org/2001/XMLSchema-instance\" xsi:noNamespaceSchemaLocation=\"http://sumo.dlr.de/xsd/duarouterConfiguration.xsd\">\n\n    <input>\n        <net-file value=\"osm.net.xml\"/>\n        <route-files value=\"osm.passenger.trips.xml\"/>\n    </input>\n\n    <output>\n        <output-file value=\"osm.passenger.rou.xml\"/>\n        <alternatives-output value=\"osm.passenger.rou.alt.xml\"/>\n    </output>\n\n    <processing>\n        <ignore-errors value=\"true\"/>\n    </processing>\n\n    <time>\n        <begin value=\"0\"/>\n        <end value=\"3600.0\"/>\n    </time>\n\n    <report>\n        <no-warnings value=\"true\"/>\n        <no-step-log value=\"true\"/>\n    </report>\n\n</configuration>\n",
    "routes": {
        "_attributes": {
            "xmlns:xsi": "http://www.w3.org/2001/XMLSchema-instance",
            "xsi:noNamespaceSchemaLocation": "http://sumo.dlr.de/xsd/routes_file.xsd"
        },
        "vType": {
            "_attributes": {
                "id": "passenger",
                "speedFactor": "normc(1.00,0.10,0.20,2.00)",
                "vClass": "passenger"
            }
        },
        "vehicle": [
            {
                "_attributes": {
                    "id": "veh0",
                    "type": "passenger",
                    "depart": "0.00",
                    "departLane": "best"
                },
                "route": {
                    "_attributes": {
                        "edges": "-35038205#1 -35038205#0 102671486 102671488#2 102671488#3 102671488#4 102671483#0 102671483#1 570496850 571276600 102671489"
                    }
                }
            },
            {
                "_attributes": {
                    "id": "veh2",
                    "type": "passenger",
                    "depart": "121.96",
                    "departLane": "best"
                },
                "route": {
                    "_attributes": {
                        "edges": "-1136510695#1 -154731815 -154731814 -570496847 -1135437813 -40426012 -570496848 571276600 102671489 239195241 239195242 102671488#0 102671488#1"
                    }
                }
            },
            {
                "_attributes": {
                    "id": "veh3",
                    "type": "passenger",
                    "depart": "182.94",
                    "departLane": "best"
                },
                "route": {
                    "_attributes": {
                        "edges": "102671488#0 102671488#1 102671488#2 102671488#3 102671488#4 102671483#0 102671483#1 570496850 570496848 40426012 1135437813 570496847 570496849 154731815"
                    }
                }
            },
            {
                "_attributes": {
                    "id": "veh5",
                    "type": "passenger",
                    "depart": "304.89",
                    "departLane": "best"
                },
                "route": {
                    "_attributes": {
                        "edges": "154727299#0 154727299#1 189236066 102671488#4 239195243 239195241 239195242 102671488#0 102671482 35038205#0 35038205#1"
                    }
                }
            },
            {
                "_attributes": {
                    "id": "veh6",
                    "type": "passenger",
                    "depart": "365.87",
                    "departLane": "best"
                },
                "route": {
                    "_attributes": {
                        "edges": "42428695#0 1280141017#2 35038090 154727299#1 189236066 102671488#4 102671483#0 102671483#1 570496850 570496848 40426012 1135437813 570496847 570496849 154731815 1136510695#0"
                    }
                }
            },
            {
                "_attributes": {
                    "id": "veh8",
                    "type": "passenger",
                    "depart": "487.83",
                    "departLane": "best"
                },
                "route": {
                    "_attributes": {
                        "edges": "154727299#0 154727299#1 189236066 102671488#4 102671483#0 102671483#1 570496850 570496848 40426012 1135437813 570496847 570496849 154731815 30920372#0 30920372#1"
                    }
                }
            },
            {
                "_attributes": {
                    "id": "veh9",
                    "type": "passenger",
                    "depart": "548.81",
                    "departLane": "best"
                },
                "route": {
                    "_attributes": {
                        "edges": "-30920372#1 -30920372#0 -154731815 -154731814 -570496847 -1135437813 -40426012 -570496848 571276600 102671489 239195241 102671490#0 102671490#1 102671490#2 102671490#3"
                    }
                }
            },
            {
                "_attributes": {
                    "id": "veh10",
                    "type": "passenger",
                    "depart": "609.79",
                    "departLane": "best"
                },
                "route": {
                    "_attributes": {
                        "edges": "-35038205#1 -35038205#0 102671486 102671488#2 102671488#3 102671488#4 102671483#0 102671483#1 570496850"
                    }
                }
            },
            {
                "_attributes": {
                    "id": "veh11",
                    "type": "passenger",
                    "depart": "670.76",
                    "departLane": "best"
                },
                "route": {
                    "_attributes": {
                        "edges": "102671486 102671488#2 102671488#3 102671488#4 102671483#0 102671483#1 570496850 570496848 40426012 1135437813 570496847 570496849 154731815 30920372#0 30920372#1"
                    }
                }
            },
            {
                "_attributes": {
                    "id": "veh12",
                    "type": "passenger",
                    "depart": "731.74",
                    "departLane": "best"
                },
                "route": {
                    "_attributes": {
                        "edges": "-679411405#1 -154731815 -154731814 -570496847 -1135437813 -40426012 -570496848 571276600 102671489 239195241 239195242 102671488#0 102671482 35038205#0 35038205#1"
                    }
                }
            },
            {
                "_attributes": {
                    "id": "veh14",
                    "type": "passenger",
                    "depart": "853.70",
                    "departLane": "best"
                },
                "route": {
                    "_attributes": {
                        "edges": "-30920372#1 -30920372#0 -154731815 -154731814 -570496847 -1135437813 -40426012 -570496848 571276600"
                    }
                }
            },
            {
                "_attributes": {
                    "id": "veh15",
                    "type": "passenger",
                    "depart": "914.68",
                    "departLane": "best"
                },
                "route": {
                    "_attributes": {
                        "edges": "239195243 239195241 239195242 102671488#0 102671488#1 102671488#2 102671488#3 102671488#4 102671483#0 102671483#1 570496850 570496848 40426012 1135437813 570496847 570496849 154731815 1136510695#0"
                    }
                }
            },
            {
                "_attributes": {
                    "id": "veh16",
                    "type": "passenger",
                    "depart": "975.66",
                    "departLane": "best"
                },
                "route": {
                    "_attributes": {
                        "edges": "-35038205#1 -35038205#0 102671486 102671488#2 102671488#3 102671488#4 239195243 239195241 102671490#0 102671490#1 102671490#2"
                    }
                }
            },
            {
                "_attributes": {
                    "id": "veh17",
                    "type": "passenger",
                    "depart": "1036.64",
                    "departLane": "best"
                },
                "route": {
                    "_attributes": {
                        "edges": "-679411405#1 -154731815 -154731814 -570496847 -1135437813 -40426012 -570496848 571276600 102671489 239195241 102671490#0 102671490#1 102671490#2 102671490#3"
                    }
                }
            },
            {
                "_attributes": {
                    "id": "veh18",
                    "type": "passenger",
                    "depart": "1097.61",
                    "departLane": "best"
                },
                "route": {
                    "_attributes": {
                        "edges": "-35038205#1 -35038205#0 102671486 102671488#2 102671488#3 102671488#4 102671483#0 102671483#1 1280141017#0 1280141017#1 1280141017#2 35038090"
                    }
                }
            },
            {
                "_attributes": {
                    "id": "veh19",
                    "type": "passenger",
                    "depart": "1158.59",
                    "departLane": "best"
                },
                "route": {
                    "_attributes": {
                        "edges": "102671485#0 102671485#1 102671488#0 102671488#1 102671488#2 102671488#3 102671488#4 102671483#0 102671483#1 570496850 570496848 40426012 1135437813 570496847 -570496847"
                    }
                }
            },
            {
                "_attributes": {
                    "id": "veh22",
                    "type": "passenger",
                    "depart": "1341.53",
                    "departLane": "best"
                },
                "route": {
                    "_attributes": {
                        "edges": "-35038205#1 -35038205#0 102671486 102671488#2 102671488#3 102671488#4 102671483#0 102671483#1 1280141017#0 1280141017#1 1280141017#2 42428702"
                    }
                }
            },
            {
                "_attributes": {
                    "id": "veh23",
                    "type": "passenger",
                    "depart": "1402.51",
                    "departLane": "best"
                },
                "route": {
                    "_attributes": {
                        "edges": "-30920372#1 -30920372#0 1136510695#0"
                    }
                }
            },
            {
                "_attributes": {
                    "id": "veh24",
                    "type": "passenger",
                    "depart": "1463.49",
                    "departLane": "best"
                },
                "route": {
                    "_attributes": {
                        "edges": "571276600 102671489 239195241 239195242 102671488#0 102671482 35038205#0 35038205#1"
                    }
                }
            },
            {
                "_attributes": {
                    "id": "veh26",
                    "type": "passenger",
                    "depart": "1585.44",
                    "departLane": "best"
                },
                "route": {
                    "_attributes": {
                        "edges": "-42428694 1280141017#1 1280141017#2 35038090 154727299#1 189236066 102671488#4 102671483#0 102671483#1 570496850 570496848 40426012 1135437813 570496847 570496849 154731815 30920372#0 30920372#1"
                    }
                }
            },
            {
                "_attributes": {
                    "id": "veh27",
                    "type": "passenger",
                    "depart": "1646.42",
                    "departLane": "best"
                },
                "route": {
                    "_attributes": {
                        "edges": "-30920372#1 -30920372#0 -154731815 -154731814 -570496847 -1135437813 -40426012 -570496848 571276600 102671489 239195241 239195242 102671488#0 102671488#1 102671488#2 102671488#3 102671488#4"
                    }
                }
            },
            {
                "_attributes": {
                    "id": "veh29",
                    "type": "passenger",
                    "depart": "1768.38",
                    "departLane": "best"
                },
                "route": {
                    "_attributes": {
                        "edges": "189236066 102671488#4 102671483#0 102671483#1 570496850 570496848 40426012 1135437813 570496847 570496849 154731815 -154731815"
                    }
                }
            },
            {
                "_attributes": {
                    "id": "veh30",
                    "type": "passenger",
                    "depart": "1829.36",
                    "departLane": "best"
                },
                "route": {
                    "_attributes": {
                        "edges": "-30920372#1 -30920372#0 -154731815 -154731814 -570496847 -1135437813 -40426012 -570496848 571276600 102671489 239195241 239195242 102671488#0 102671488#1 102671488#2 102671488#3 102671488#4 102671483#0 102671483#1 1280141017#0 1280141017#1 -42428695#0"
                    }
                }
            },
            {
                "_attributes": {
                    "id": "veh33",
                    "type": "passenger",
                    "depart": "2012.29",
                    "departLane": "best"
                },
                "route": {
                    "_attributes": {
                        "edges": "-35038205#1 -35038205#0 102671486 102671488#2 102671488#3 102671488#4 102671483#0 102671483#1 570496850 570496848 40426012 1135437813 570496847"
                    }
                }
            },
            {
                "_attributes": {
                    "id": "veh35",
                    "type": "passenger",
                    "depart": "2134.25",
                    "departLane": "best"
                },
                "route": {
                    "_attributes": {
                        "edges": "-35038205#1 -35038205#0 102671486 102671488#2 102671488#3 102671488#4 102671483#0 102671483#1 1280141017#0 1280141017#1 42428695#1"
                    }
                }
            },
            {
                "_attributes": {
                    "id": "veh36",
                    "type": "passenger",
                    "depart": "2195.23",
                    "departLane": "best"
                },
                "route": {
                    "_attributes": {
                        "edges": "42428695#0 1280141017#2 35038090 154727299#1 189236066 102671488#4 102671483#0 102671483#1 570496850 570496848 40426012 1135437813 570496847 570496849 154731815 679411405#0"
                    }
                }
            },
            {
                "_attributes": {
                    "id": "veh37",
                    "type": "passenger",
                    "depart": "2256.21",
                    "departLane": "best"
                },
                "route": {
                    "_attributes": {
                        "edges": "-1280141018 35038090 154727299#1 189236066 102671488#4 239195243 239195241 102671490#0 102671490#1 102671490#2 102671490#3"
                    }
                }
            },
            {
                "_attributes": {
                    "id": "veh38",
                    "type": "passenger",
                    "depart": "2317.19",
                    "departLane": "best"
                },
                "route": {
                    "_attributes": {
                        "edges": "-1280141018 35038090 154727299#1 189236066 102671488#4 102671483#0 102671483#1 570496850 570496848 40426012 1135437813 570496847 570496849 154731815 679411405#0"
                    }
                }
            },
            {
                "_attributes": {
                    "id": "veh39",
                    "type": "passenger",
                    "depart": "2378.16",
                    "departLane": "best"
                },
                "route": {
                    "_attributes": {
                        "edges": "102671485#0 102671485#1 102671488#0 102671482 35038205#0 35038205#1"
                    }
                }
            },
            {
                "_attributes": {
                    "id": "veh40",
                    "type": "passenger",
                    "depart": "2439.14",
                    "departLane": "best"
                },
                "route": {
                    "_attributes": {
                        "edges": "-30920372#1 -30920372#0 -154731815 -154731814 -570496847 -1135437813 -40426012 -570496848 571276600 102671489 239195241 239195242 102671488#0 102671488#1 102671488#2 102671488#3 102671488#4 102671483#0 102671483#1 1280141017#0 1280141017#1 -42428695#0"
                    }
                }
            },
            {
                "_attributes": {
                    "id": "veh41",
                    "type": "passenger",
                    "depart": "2500.12",
                    "departLane": "best"
                },
                "route": {
                    "_attributes": {
                        "edges": "30920372#0 -30920372#0 -154731815 -154731814 -570496847 -1135437813 -40426012 -570496848 571276600 102671489 239195241 102671490#0 102671490#1 102671490#2"
                    }
                }
            },
            {
                "_attributes": {
                    "id": "veh42",
                    "type": "passenger",
                    "depart": "2561.10",
                    "departLane": "best"
                },
                "route": {
                    "_attributes": {
                        "edges": "102671485#0 102671485#1 102671488#0 102671488#1 102671488#2 102671488#3 102671488#4 102671483#0 102671483#1 570496850 570496848 40426012 1135437813 570496847 570496849 154731815 30920372#0 30920372#1"
                    }
                }
            },
            {
                "_attributes": {
                    "id": "veh43",
                    "type": "passenger",
                    "depart": "2622.08",
                    "departLane": "best"
                },
                "route": {
                    "_attributes": {
                        "edges": "-30920372#1 -30920372#0 -154731815 -154731814 -570496847 -1135437813 -40426012 -570496848 571276600 102671489 239195241 239195242 102671488#0 102671488#1 102671488#2 102671488#3 102671488#4 102671483#0 102671483#1 1280141017#0 42428694"
                    }
                }
            },
            {
                "_attributes": {
                    "id": "veh45",
                    "type": "passenger",
                    "depart": "2744.04",
                    "departLane": "best"
                },
                "route": {
                    "_attributes": {
                        "edges": "-35038205#1 -35038205#0 102671486 102671488#2 102671488#3 102671488#4 102671483#0 102671483#1 570496850 570496848 40426012 1135437813 570496847 570496849"
                    }
                }
            },
            {
                "_attributes": {
                    "id": "veh46",
                    "type": "passenger",
                    "depart": "2805.01",
                    "departLane": "best"
                },
                "route": {
                    "_attributes": {
                        "edges": "102671485#0 102671485#1 102671488#0 102671488#1 102671488#2 102671488#3 102671488#4 102671483#0 102671483#1 570496850 570496848 40426012 1135437813 570496847 570496849 154731815 679411405#0"
                    }
                }
            },
            {
                "_attributes": {
                    "id": "veh47",
                    "type": "passenger",
                    "depart": "2865.99",
                    "departLane": "best"
                },
                "route": {
                    "_attributes": {
                        "edges": "-35038205#1 -35038205#0 102671486 102671488#2 102671488#3 102671488#4 102671483#0 102671483#1 570496850 570496848 40426012 1135437813 570496847 570496849 154731815 30920372#0 30920372#1"
                    }
                }
            },
            {
                "_attributes": {
                    "id": "veh49",
                    "type": "passenger",
                    "depart": "2987.95",
                    "departLane": "best"
                },
                "route": {
                    "_attributes": {
                        "edges": "35038205#0 -35038205#0 102671486 102671488#2 102671488#3 102671488#4 102671483#0 102671483#1 570496850 570496848 40426012 1135437813 570496847 570496849 154731815"
                    }
                }
            },
            {
                "_attributes": {
                    "id": "veh50",
                    "type": "passenger",
                    "depart": "3048.93",
                    "departLane": "best"
                },
                "route": {
                    "_attributes": {
                        "edges": "154727299#0 154727299#1 189236066 102671488#4 102671483#0 102671483#1 570496850 570496848 40426012 1135437813 570496847 570496849 154731815 30920372#0"
                    }
                }
            },
            {
                "_attributes": {
                    "id": "veh51",
                    "type": "passenger",
                    "depart": "3109.91",
                    "departLane": "best"
                },
                "route": {
                    "_attributes": {
                        "edges": "-35038205#1 -35038205#0 102671486 102671488#2 102671488#3 102671488#4 102671483#0 102671483#1 1280141017#0 1280141017#1 -42428695#0"
                    }
                }
            },
            {
                "_attributes": {
                    "id": "veh53",
                    "type": "passenger",
                    "depart": "3231.86",
                    "departLane": "best"
                },
                "route": {
                    "_attributes": {
                        "edges": "239195241 239195242 102671488#0 102671488#1 102671488#2 102671488#3 102671488#4 102671483#0 102671483#1 570496850 570496848 40426012 1135437813 570496847 570496849 154731815 679411405#0"
                    }
                }
            },
            {
                "_attributes": {
                    "id": "veh55",
                    "type": "passenger",
                    "depart": "3353.82",
                    "departLane": "best"
                },
                "route": {
                    "_attributes": {
                        "edges": "-1136510695#1 -154731815 -154731814 -570496847 -1135437813 -40426012 -570496848 571276600 102671489 239195241 239195242 102671488#0"
                    }
                }
            },
            {
                "_attributes": {
                    "id": "veh57",
                    "type": "passenger",
                    "depart": "3475.78",
                    "departLane": "best"
                },
                "route": {
                    "_attributes": {
                        "edges": "102671485#0 102671485#1 102671488#0 102671488#1 102671488#2 102671488#3 102671488#4 102671483#0 102671483#1 570496850 570496848 40426012 1135437813 570496847 137819682 570467682 137819684"
                    }
                }
            },
            {
                "_attributes": {
                    "id": "veh58",
                    "type": "passenger",
                    "depart": "3536.76",
                    "departLane": "best"
                },
                "route": {
                    "_attributes": {
                        "edges": "-35038205#1 -35038205#0 102671486 102671488#2 102671488#3 102671488#4 102671483#0 102671483#1 1280141017#0 42428694"
                    }
                }
            }
        ]
    }
}