{
    "_declaration": {
        "_attributes": {
            "version": "1.0",
            "encoding": "UTF-8"
        }
    },
    "_comment": " generated on Mon May 13 18:51:14 2024 by SUMO polyconvert Version 0.32.0\n<?xml version=\"1.0\" encoding=\"UTF-8\"?>\n\n<configuration xmlns:xsi=\"http://www.w3.org/2001/XMLSchema-instance\" xsi:noNamespaceSchemaLocation=\"http://sumo.dlr.de/xsd/polyconvertConfiguration.xsd\">\n\n    <input>\n        <net-file value=\"/tmp/tmp6eqqfkb1/osm.net.xml\"/>\n        <osm-files value=\"osm_bbox.osm.xml\"/>\n        <osm.keep-full-type value=\"true\"/>\n        <type-file value=\"/opt/tools/sumo-0.32.0/data/typemap/osmPolyconvert.typ.xml\"/>\n    </input>\n\n    <output>\n        <output-file value=\"/tmp/tmp6eqqfkb1/osm.poly.xml\"/>\n    </output>\n\n    <processing>\n        <poi-layer-offset value=\"5\"/>\n    </processing>\n\n    <report>\n        <verbose value=\"true\"/>\n    </report>\n\n</configuration>\n",
    "additional": {
        "_attributes": {
            "xmlns:xsi": "http://www.w3.org/2001/XMLSchema-instance",
            "xsi:noNamespaceSchemaLocation": "http://sumo.dlr.de/xsd/additional_file.xsd"
        },
        "location": {
            "_attributes": {
                "netOffset": "-312199.78,-5052859.59",
                "convBoundary": "0.00,-0.00,764.45,958.70",
                "origBoundary": "12.591538,45.603964,12.601229,45.612620",
                "projParameter": "+proj=utm +zone=33 +ellps=WGS84 +datum=WGS84 +units=m +no_defs"
            }
        },
        "poly": [
            {
                "_attributes": {
                    "id": "1063689836",
                    "type": "landuse.flowerbed",
                    "color": "194,194,130",
                    "fill": "1",
                    "layer": "-3.00",
                    "shape": "103.38,530.71 110.28,530.20 117.31,530.92 115.58,522.31 103.38,530.71"
                }
            },
            {
                "_attributes": {
                    "id": "1063689837",
                    "type": "landuse.flowerbed",
                    "color": "194,194,130",
                    "fill": "1",
                    "layer": "-3.00",
                    "shape": "124.02,515.69 131.61,520.85 135.68,508.08 124.02,515.69"
                }
            },
            {
                "_attributes": {
                    "id": "1063689838",
                    "type": "landuse.flowerbed",
                    "color": "194,194,130",
                    "fill": "1",
                    "layer": "-3.00",
                    "shape": "121.81,522.08 122.62,527.98 124.01,531.34 126.60,534.64 133.38,541.11 132.03,534.38 130.29,528.69 127.90,525.84 124.26,522.93 121.81,522.08"
                }
            },
            {
                "_attributes": {
                    "id": "176890904",
                    "type": "building.yes",
                    "color": "255,230,230",
                    "fill": "1",
                    "layer": "-1.00",
                    "shape": "713.07,837.48 701.55,840.22 701.27,839.02 692.70,841.06 696.06,855.30 703.79,853.48 703.80,854.60 713.27,852.36 712.25,848.11 715.41,847.35 713.07,837.48"
                }
            },
            {
                "_attributes": {
                    "id": "176891533",
                    "type": "building.yes",
                    "color": "255,230,230",
                    "fill": "1",
                    "layer": "-1.00",
                    "shape": "361.95,629.20 360.75,624.85 358.21,625.58 356.59,622.61 352.40,623.81 346.30,625.56 345.05,625.92 348.88,639.30 353.49,637.98 352.97,636.17 355.18,635.52 354.23,631.76 361.95,629.20"
                }
            },
            {
                "_attributes": {
                    "id": "176892587",
                    "type": "building.hut",
                    "color": "255,230,230",
                    "fill": "1",
                    "layer": "-1.00",
                    "shape": "463.53,792.37 465.50,791.77 464.57,788.73 462.60,789.32 463.53,792.37"
                }
            },
            {
                "_attributes": {
                    "id": "176892593",
                    "type": "building.hut",
                    "color": "255,230,230",
                    "fill": "1",
                    "layer": "-1.00",
                    "shape": "301.47,888.44 304.76,887.64 303.84,883.84 300.54,884.64 301.47,888.44"
                }
            },
            {
                "_attributes": {
                    "id": "176892728",
                    "type": "building.hut",
                    "color": "255,230,230",
                    "fill": "1",
                    "layer": "-1.00",
                    "shape": "636.96,853.86 638.82,852.83 638.11,850.48 636.27,850.82 636.96,853.86"
                }
            },
            {
                "_attributes": {
                    "id": "176893155",
                    "type": "building.roof",
                    "color": "255,230,230",
                    "fill": "1",
                    "layer": "-1.00",
                    "shape": "322.41,914.03 323.12,916.80 330.17,915.01 329.46,912.23 322.41,914.03"
                }
            },
            {
                "_attributes": {
                    "id": "176893207",
                    "type": "building.hut",
                    "color": "255,230,230",
                    "fill": "1",
                    "layer": "-1.00",
                    "shape": "425.02,910.05 424.83,907.37 420.31,908.89 420.32,910.90 425.02,910.05"
                }
            },
            {
                "_attributes": {
                    "id": "176893807",
                    "type": "building.yes",
                    "color": "255,230,230",
                    "fill": "1",
                    "layer": "-1.00",
                    "shape": "637.96,891.30 638.67,894.41 641.35,893.79 640.65,890.70 637.96,891.30"
                }
            },
            {
                "_attributes": {
                    "id": "176893808",
                    "type": "building.farm_auxiliary",
                    "color": "255,230,230",
                    "fill": "1",
                    "layer": "-1.00",
                    "shape": "27.09,845.59 32.06,844.16 27.32,827.70 22.27,829.33 27.09,845.59"
                }
            },
            {
                "_attributes": {
                    "id": "176893855",
                    "type": "building.roof",
                    "color": "255,230,230",
                    "fill": "1",
                    "layer": "-1.00",
                    "shape": "308.26,486.88 310.76,484.95 309.18,479.60 306.36,480.50 308.26,486.88"
                }
            },
            {
                "_attributes": {
                    "id": "176893993",
                    "type": "building.hut",
                    "color": "255,230,230",
                    "fill": "1",
                    "layer": "-1.00",
                    "shape": "452.38,545.93 450.69,541.23 438.44,544.80 439.98,549.67 452.38,545.93"
                }
            },
            {
                "_attributes": {
                    "id": "176894204",
                    "type": "building.hut",
                    "color": "255,230,230",
                    "fill": "1",
                    "layer": "-1.00",
                    "shape": "733.96,820.27 733.34,817.80 722.16,820.61 722.77,823.07 733.96,820.27"
                }
            },
            {
                "_attributes": {
                    "id": "176894350",
                    "type": "building.yes",
                    "color": "255,230,230",
                    "fill": "1",
                    "layer": "-1.00",
                    "shape": "696.46,822.00 693.34,811.42 682.13,814.73 685.27,825.33 696.46,822.00"
                }
            },
            {
                "_attributes": {
                    "id": "176894363",
                    "type": "building.hut",
                    "color": "255,230,230",
                    "fill": "1",
                    "layer": "-1.00",
                    "shape": "508.47,589.76 512.00,588.91 509.45,579.34 505.92,580.03 508.47,589.76"
                }
            },
            {
                "_attributes": {
                    "id": "176894430",
                    "type": "building.hut",
                    "color": "255,230,230",
                    "fill": "1",
                    "layer": "-1.00",
                    "shape": "328.02,622.47 332.20,621.25 331.52,618.88 327.34,620.09 328.02,622.47"
                }
            },
            {
                "_attributes": {
                    "id": "176894441",
                    "type": "building.roof",
                    "color": "255,230,230",
                    "fill": "1",
                    "layer": "-1.00",
                    "shape": "727.89,856.82 724.89,857.73 726.67,863.46 729.66,862.55 727.89,856.82"
                }
            },
            {
                "_attributes": {
                    "id": "176894892",
                    "type": "building.hut",
                    "color": "255,230,230",
                    "fill": "1",
                    "layer": "-1.00",
                    "shape": "700.59,833.42 703.67,832.80 702.72,828.05 699.64,828.65 700.59,833.42"
                }
            },
            {
                "_attributes": {
                    "id": "176895086",
                    "type": "building.yes",
                    "color": "255,230,230",
                    "fill": "1",
                    "layer": "-1.00",
                    "shape": "530.35,891.59 526.30,876.12 513.12,879.58 517.17,895.05 530.35,891.59"
                }
            },
            {
                "_attributes": {
                    "id": "176895304",
                    "type": "building.farm_auxiliary",
                    "color": "255,230,230",
                    "fill": "1",
                    "layer": "-1.00",
                    "shape": "506.91,595.55 504.25,584.89 494.02,587.46 496.67,598.11 506.91,595.55"
                }
            },
            {
                "_attributes": {
                    "id": "176895338",
                    "type": "building.roof",
                    "color": "255,230,230",
                    "fill": "1",
                    "layer": "-1.00",
                    "shape": "247.34,485.45 244.79,477.25 236.33,479.82 238.90,488.07 247.34,485.45"
                }
            },
            {
                "_attributes": {
                    "id": "176895524",
                    "type": "building.yes",
                    "color": "255,230,230",
                    "fill": "1",
                    "layer": "-1.00",
                    "shape": "421.44,564.35 413.33,566.56 416.06,576.56 424.46,574.30 421.44,564.35"
                }
            },
            {
                "_attributes": {
                    "id": "176895528",
                    "type": "building.hut",
                    "color": "255,230,230",
                    "fill": "1",
                    "layer": "-1.00",
                    "shape": "464.70,783.22 466.73,782.51 466.05,780.59 464.04,781.30 464.70,783.22"
                }
            },
            {
                "_attributes": {
                    "id": "176895547",
                    "type": "building.yes",
                    "color": "255,230,230",
                    "fill": "1",
                    "layer": "-1.00",
                    "shape": "361.95,629.20 354.23,631.76 355.18,635.52 362.99,633.27 361.95,629.20"
                }
            },
            {
                "_attributes": {
                    "id": "176895761",
                    "type": "building.farm_auxiliary",
                    "color": "255,230,230",
                    "fill": "1",
                    "layer": "-1.00",
                    "shape": "657.96,861.75 643.85,865.19 645.50,871.57 659.55,867.95 657.96,861.75"
                }
            },
            {
                "_attributes": {
                    "id": "176896150",
                    "type": "building.hut",
                    "color": "255,230,230",
                    "fill": "1",
                    "layer": "-1.00",
                    "shape": "464.79,784.25 465.14,785.92 467.41,785.45 467.06,783.78 464.79,784.25"
                }
            },
            {
                "_attributes": {
                    "id": "176896218",
                    "type": "building.hut",
                    "color": "255,230,230",
                    "fill": "1",
                    "layer": "-1.00",
                    "shape": "525.01,868.56 527.85,868.06 526.49,862.17 523.97,863.03 525.01,868.56"
                }
            },
            {
                "_attributes": {
                    "id": "176896620",
                    "type": "building.hut",
                    "color": "255,230,230",
                    "fill": "1",
                    "layer": "-1.00",
                    "shape": "495.43,607.44 494.30,602.45 482.31,605.77 483.85,610.85 495.43,607.44"
                }
            },
            {
                "_attributes": {
                    "id": "176897043",
                    "type": "building.hut",
                    "color": "255,230,230",
                    "fill": "1",
                    "layer": "-1.00",
                    "shape": "505.16,778.43 510.03,776.92 509.43,774.95 504.55,776.45 505.16,778.43"
                }
            },
            {
                "_attributes": {
                    "id": "176897066",
                    "type": "building.roof",
                    "color": "255,230,230",
                    "fill": "1",
                    "layer": "-1.00",
                    "shape": "346.30,625.56 352.40,623.81 351.76,621.57 345.65,623.32 346.30,625.56"
                }
            },
            {
                "_attributes": {
                    "id": "176897204",
                    "type": "building.hut",
                    "color": "255,230,230",
                    "fill": "1",
                    "layer": "-1.00",
                    "shape": "499.80,746.77 502.10,746.42 501.64,743.52 499.34,743.89 499.80,746.77"
                }
            },
            {
                "_attributes": {
                    "id": "176897495",
                    "type": "building.hut",
                    "color": "255,230,230",
                    "fill": "1",
                    "layer": "-1.00",
                    "shape": "514.26,612.08 517.95,610.90 515.91,602.50 512.38,603.19 514.26,612.08"
                }
            },
            {
                "_attributes": {
                    "id": "176897672",
                    "type": "building.hut",
                    "color": "255,230,230",
                    "fill": "1",
                    "layer": "-1.00",
                    "shape": "313.42,480.88 316.27,480.34 315.59,477.51 312.74,478.18 313.42,480.88"
                }
            },
            {
                "_attributes": {
                    "id": "176897681",
                    "type": "building.hut",
                    "color": "255,230,230",
                    "fill": "1",
                    "layer": "-1.00",
                    "shape": "239.26,493.30 240.63,498.37 251.82,495.40 250.39,490.85 239.26,493.30"
                }
            },
            {
                "_attributes": {
                    "id": "176897998",
                    "type": "building.collapsed",
                    "color": "255,230,230",
                    "fill": "1",
                    "layer": "-1.00",
                    "shape": "526.34,540.15 514.31,543.11 515.41,547.55 527.45,544.60 526.34,540.15"
                }
            },
            {
                "_attributes": {
                    "id": "176898533",
                    "type": "building.hut",
                    "color": "255,230,230",
                    "fill": "1",
                    "layer": "-1.00",
                    "shape": "417.72,895.91 422.11,894.60 420.35,888.69 415.95,889.99 417.72,895.91"
                }
            },
            {
                "_attributes": {
                    "id": "176898855",
                    "type": "building.hut",
                    "color": "255,230,230",
                    "fill": "1",
                    "layer": "-1.00",
                    "shape": "375.54,622.46 380.61,621.36 378.80,613.83 373.32,615.06 375.54,622.46"
                }
            },
            {
                "_attributes": {
                    "id": "176898928",
                    "type": "building.hut",
                    "color": "255,230,230",
                    "fill": "1",
                    "layer": "-1.00",
                    "shape": "709.53,810.48 708.27,805.32 702.05,806.83 703.29,811.98 709.53,810.48"
                }
            },
            {
                "_attributes": {
                    "id": "176899318",
                    "type": "building.yes",
                    "color": "255,230,230",
                    "fill": "1",
                    "layer": "-1.00",
                    "shape": "623.80,513.45 624.92,517.24 630.46,515.79 629.47,511.98 623.80,513.45"
                }
            },
            {
                "_attributes": {
                    "id": "176899528",
                    "type": "building.yes",
                    "color": "255,230,230",
                    "fill": "1",
                    "layer": "-1.00",
                    "shape": "361.95,629.20 362.99,633.27 373.35,630.31 370.95,621.93 360.75,624.85 361.95,629.20"
                }
            },
            {
                "_attributes": {
                    "id": "176899556",
                    "type": "building.farm_auxiliary",
                    "color": "255,230,230",
                    "fill": "1",
                    "layer": "-1.00",
                    "shape": "246.69,523.88 258.58,520.69 251.82,495.40 240.63,498.37 239.94,498.56 246.69,523.88"
                }
            },
            {
                "_attributes": {
                    "id": "176899708",
                    "type": "building.farm_auxiliary",
                    "color": "255,230,230",
                    "fill": "1",
                    "layer": "-1.00",
                    "shape": "413.27,920.55 418.23,919.34 415.54,908.45 410.61,909.66 411.73,914.22 413.27,920.55"
                }
            },
            {
                "_attributes": {
                    "id": "176899709",
                    "type": "building.yes",
                    "color": "255,230,230",
                    "fill": "1",
                    "layer": "-1.00",
                    "shape": "616.26,509.01 624.77,506.66 621.22,493.81 611.64,497.03 611.89,497.67 616.26,509.01"
                }
            },
            {
                "_attributes": {
                    "id": "176899793",
                    "type": "building.farm_auxiliary",
                    "color": "255,230,230",
                    "fill": "1",
                    "layer": "-1.00",
                    "shape": "295.07,483.93 297.19,491.08 308.50,487.69 308.26,486.88 306.36,480.50 295.07,483.93"
                }
            },
            {
                "_attributes": {
                    "id": "176899829",
                    "type": "building.yes",
                    "color": "255,230,230",
                    "fill": "1",
                    "layer": "-1.00",
                    "shape": "616.26,509.01 611.89,497.67 606.00,499.78 609.49,512.33 617.04,510.24 616.26,509.01"
                }
            },
            {
                "_attributes": {
                    "id": "176899947",
                    "type": "building.yes",
                    "color": "255,230,230",
                    "fill": "1",
                    "layer": "-1.00",
                    "shape": "421.44,564.35 424.46,574.30 438.54,570.45 435.29,558.54 420.91,562.45 421.44,564.35"
                }
            },
            {
                "_attributes": {
                    "id": "176900078",
                    "type": "building.farm_auxiliary",
                    "color": "255,230,230",
                    "fill": "1",
                    "layer": "-1.00",
                    "shape": "38.40,866.17 53.96,861.69 42.88,823.21 27.32,827.70 32.06,844.16 38.40,866.17"
                }
            },
            {
                "_attributes": {
                    "id": "176900758",
                    "type": "building.yes",
                    "color": "255,230,230",
                    "fill": "1",
                    "layer": "-1.00",
                    "shape": "491.60,590.01 478.92,593.54 482.31,605.77 494.30,602.45 494.99,602.26 491.60,590.01"
                }
            },
            {
                "_attributes": {
                    "id": "176900969",
                    "type": "building.farm_auxiliary",
                    "color": "255,230,230",
                    "fill": "1",
                    "layer": "-1.00",
                    "shape": "233.76,473.74 235.67,480.02 236.33,479.82 244.79,477.25 247.40,476.46 245.49,470.18 233.76,473.74"
                }
            },
            {
                "_attributes": {
                    "id": "176901215",
                    "type": "building.yes",
                    "color": "255,230,230",
                    "fill": "1",
                    "layer": "-1.00",
                    "shape": "623.80,513.45 609.45,517.17 610.89,522.73 617.37,521.03 616.92,519.30 624.92,517.24 623.80,513.45"
                }
            },
            {
                "_attributes": {
                    "id": "176901312",
                    "type": "building.farm_auxiliary",
                    "color": "255,230,230",
                    "fill": "1",
                    "layer": "-1.00",
                    "shape": "651.00,857.52 642.45,859.73 643.85,865.19 657.96,861.75 665.87,859.72 664.55,854.61 651.00,857.52"
                }
            },
            {
                "_attributes": {
                    "id": "176901513",
                    "type": "building.yes",
                    "color": "255,230,230",
                    "fill": "1",
                    "layer": "-1.00",
                    "shape": "299.86,465.08 301.82,471.73 304.04,470.99 304.63,472.81 309.80,471.12 307.03,462.72 299.86,465.08"
                }
            },
            {
                "_attributes": {
                    "id": "176901709",
                    "type": "building.yes",
                    "color": "255,230,230",
                    "fill": "1",
                    "layer": "-1.00",
                    "shape": "722.66,823.09 725.20,833.21 738.62,829.87 736.09,819.73 733.96,820.27 722.77,823.07 722.66,823.09"
                }
            },
            {
                "_attributes": {
                    "id": "176902324",
                    "type": "building.farm_auxiliary",
                    "color": "255,230,230",
                    "fill": "1",
                    "layer": "-1.00",
                    "shape": "331.38,911.74 326.19,891.49 307.54,896.27 312.73,916.52 322.41,914.03 329.46,912.23 331.38,911.74"
                }
            },
            {
                "_attributes": {
                    "id": "176902744",
                    "type": "building.industrial",
                    "color": "255,230,230",
                    "fill": "1",
                    "layer": "-1.00",
                    "shape": "495.12,749.83 500.16,749.03 499.80,746.77 499.34,743.89 497.81,734.33 492.79,735.14 495.12,749.83"
                }
            },
            {
                "_attributes": {
                    "id": "176903117",
                    "type": "building.farm_auxiliary",
                    "color": "255,230,230",
                    "fill": "1",
                    "layer": "-1.00",
                    "shape": "562.55,895.78 557.53,876.47 551.13,878.14 548.35,878.85 549.90,884.81 541.20,887.08 544.68,900.43 562.55,895.78"
                }
            },
            {
                "_attributes": {
                    "id": "176903257",
                    "type": "building.farm_auxiliary",
                    "color": "255,230,230",
                    "fill": "1",
                    "layer": "-1.00",
                    "shape": "651.00,857.52 664.55,854.61 668.31,853.64 666.99,848.56 659.50,850.32 659.49,850.64 649.87,853.11 651.00,857.52"
                }
            },
            {
                "_attributes": {
                    "id": "176903564",
                    "type": "building.farm_auxiliary",
                    "color": "255,230,230",
                    "fill": "1",
                    "layer": "-1.00",
                    "shape": "295.07,483.93 306.36,480.50 305.76,478.48 304.58,478.83 303.45,475.03 290.20,478.98 291.95,484.84 295.07,483.93"
                }
            },
            {
                "_attributes": {
                    "id": "176903835",
                    "type": "building.yes",
                    "color": "255,230,230",
                    "fill": "1",
                    "layer": "-1.00",
                    "shape": "245.31,450.91 239.76,453.00 240.89,456.01 235.03,458.21 238.98,468.70 243.15,467.12 243.35,467.64 250.60,464.91 245.31,450.91"
                }
            },
            {
                "_attributes": {
                    "id": "176903863",
                    "type": "building.hut",
                    "color": "255,230,230",
                    "fill": "1",
                    "layer": "-1.00",
                    "shape": "557.53,876.47 555.24,869.15 552.89,869.66 553.23,872.34 551.73,872.68 551.72,874.19 550.22,874.36 551.13,878.14 557.53,876.47"
                }
            },
            {
                "_attributes": {
                    "id": "176903907",
                    "type": "building.yes",
                    "color": "255,230,230",
                    "fill": "1",
                    "layer": "-1.00",
                    "shape": "628.01,855.12 613.66,859.07 616.02,867.64 616.70,867.63 617.94,874.02 632.36,870.04 630.28,860.10 629.45,860.33 628.01,855.12"
                }
            },
            {
                "_attributes": {
                    "id": "176903979",
                    "type": "building.yes",
                    "color": "255,230,230",
                    "fill": "1",
                    "layer": "-1.00",
                    "shape": "299.86,465.08 284.85,470.02 287.07,476.77 292.27,475.06 292.98,477.24 297.90,475.64 297.12,473.28 301.82,471.73 299.86,465.08"
                }
            },
            {
                "_attributes": {
                    "id": "176905373",
                    "type": "landuse.flowerbed",
                    "color": "194,194,130",
                    "fill": "1",
                    "layer": "-3.00",
                    "shape": "428.30,824.25 437.28,827.58 444.04,831.64 449.85,836.21 453.98,840.03 455.47,839.84 454.79,835.87 449.06,808.43 443.85,809.68 397.90,819.26 368.64,826.11 368.80,826.82 400.65,822.85 410.34,822.16 418.87,822.61 428.30,824.25"
                }
            },
            {
                "_attributes": {
                    "id": "176905454",
                    "type": "landuse.flowerbed",
                    "color": "194,194,130",
                    "fill": "1",
                    "layer": "-3.00",
                    "shape": "423.49,789.28 418.34,794.42 412.55,798.44 405.99,802.10 398.72,805.18 391.53,807.72 366.39,815.57 366.72,816.64 411.34,805.73 440.53,798.10 446.25,796.71 441.40,773.98 439.27,765.26 436.67,764.00 435.06,770.05 431.35,777.77 427.59,783.93 423.49,789.28"
                }
            }
        ]
    }
}