{
    "_declaration": {
        "_attributes": {
            "version": "1.0",
            "encoding": "UTF-8"
        }
    },
    "_comment": " generated on Mon May 13 08:17:43 2024 by SUMO polyconvert Version 0.32.0\n<?xml version=\"1.0\" encoding=\"UTF-8\"?>\n\n<configuration xmlns:xsi=\"http://www.w3.org/2001/XMLSchema-instance\" xsi:noNamespaceSchemaLocation=\"http://sumo.dlr.de/xsd/polyconvertConfiguration.xsd\">\n\n    <input>\n        <net-file value=\"/tmp/tmpm59j0vqd/osm.net.xml\"/>\n        <osm-files value=\"osm_bbox.osm.xml\"/>\n        <osm.keep-full-type value=\"true\"/>\n        <type-file value=\"/opt/tools/sumo-0.32.0/data/typemap/osmPolyconvert.typ.xml\"/>\n    </input>\n\n    <output>\n        <output-file value=\"/tmp/tmpm59j0vqd/osm.poly.xml\"/>\n    </output>\n\n    <processing>\n        <poi-layer-offset value=\"5\"/>\n    </processing>\n\n    <report>\n        <verbose value=\"true\"/>\n    </report>\n\n</configuration>\n",
    "additional": {
        "_attributes": {
            "xmlns:xsi": "http://www.w3.org/2001/XMLSchema-instance",
            "xsi:noNamespaceSchemaLocation": "http://sumo.dlr.de/xsd/additional_file.xsd"
        },
        "location": {
            "_attributes": {
                "netOffset": "-399197.40,-6184862.13",
                "convBoundary": "-44.23,-146.17,1409.16,1463.40",
                "origBoundary": "37.384411,55.786684,37.414310,55.823131",
                "projParameter": "+proj=utm +zone=37 +ellps=WGS84 +datum=WGS84 +units=m +no_defs"
            }
        },
        "poly": [
            {
                "_attributes": {
                    "id": "1126647612",
                    "type": "building.yes",
                    "color": "255,230,230",
                    "fill": "1",
                    "layer": "-1.00",
                    "shape": "1254.78,490.08 1261.06,487.30 1263.62,493.06 1257.34,495.84 1254.78,490.08"
                }
            },
            {
                "_attributes": {
                    "id": "1126647613",
                    "type": "building.yes",
                    "color": "255,230,230",
                    "fill": "1",
                    "layer": "-1.00",
                    "shape": "1253.83,478.39 1256.71,477.15 1259.20,482.95 1256.32,484.19 1253.83,478.39"
                }
            },
            {
                "_attributes": {
                    "id": "113778350",
                    "type": "amenity.kindergarten",
                    "color": "237,199,199",
                    "fill": "1",
                    "layer": "-1.00",
                    "shape": "722.34,249.77 744.29,253.98 746.01,265.58 819.74,272.60 855.07,256.88 824.87,179.08 788.88,166.10 758.88,160.24 759.00,165.33 732.36,163.04 722.34,249.77"
                }
            },
            {
                "_attributes": {
                    "id": "1189221556",
                    "type": "building.kiosk",
                    "color": "255,230,230",
                    "fill": "1",
                    "layer": "-1.00",
                    "shape": "1024.59,273.43 1026.28,272.66 1025.25,270.39 1023.56,271.16 1024.59,273.43"
                }
            },
            {
                "_attributes": {
                    "id": "1189221557",
                    "type": "building.kiosk",
                    "color": "255,230,230",
                    "fill": "1",
                    "layer": "-1.00",
                    "shape": "1021.50,266.29 1023.19,265.53 1022.16,263.26 1020.48,264.01 1021.50,266.29"
                }
            },
            {
                "_attributes": {
                    "id": "1189855711",
                    "type": "building.retail",
                    "color": "255,230,230",
                    "fill": "1",
                    "layer": "-1.00",
                    "shape": "897.72,545.09 943.79,526.01 932.85,499.77 909.70,509.91 887.11,519.80 891.05,529.17 897.72,545.09"
                }
            },
            {
                "_attributes": {
                    "id": "237279482",
                    "type": "building.university",
                    "color": "255,230,230",
                    "fill": "1",
                    "layer": "-1.00",
                    "shape": "1088.05,425.80 1111.18,483.62 1114.84,481.95 1128.35,515.22 1154.02,504.66 1146.68,491.63 1181.83,478.62 1182.03,474.28 1182.71,471.08 1184.66,467.93 1187.55,465.43 1179.65,445.86 1159.67,452.89 1159.45,456.14 1159.05,459.03 1157.78,461.91 1156.15,464.39 1152.59,466.73 1136.67,474.95 1116.96,440.57 1113.11,435.78 1109.06,431.73 1104.88,429.13 1100.28,427.15 1094.72,425.76 1088.05,425.80"
                }
            },
            {
                "_attributes": {
                    "id": "24695365",
                    "type": "landuse.residential",
                    "color": "235,235,227",
                    "fill": "1",
                    "layer": "-3.00",
                    "shape": "178.39,784.85 283.34,1039.34 437.52,1423.18 439.59,1427.31 441.55,1429.96 444.13,1432.03 446.77,1432.92 449.17,1433.25 451.85,1433.02 455.03,1432.28 458.85,1430.74 560.53,1386.31 606.30,1359.75 624.08,1344.37 1071.97,771.05 1085.14,750.74 1093.27,730.97 1098.24,695.82 1094.93,666.18 1009.06,450.65 951.37,474.46 974.05,527.16 791.79,601.69 766.79,537.45 650.96,581.75 185.07,774.50 182.45,776.75 180.21,778.70 178.39,784.85"
                }
            },
            {
                "_attributes": {
                    "id": "24695368",
                    "type": "landuse.residential",
                    "color": "235,235,227",
                    "fill": "1",
                    "layer": "-3.00",
                    "shape": "155.63,714.42 152.73,710.61 133.71,660.57 -33.42,235.28 10.81,215.75 9.43,212.16 7.05,206.01 8.00,203.22 147.08,144.10 277.18,90.87 285.16,88.37 311.25,77.69 321.52,74.05 359.79,62.02 380.61,58.45 396.27,56.24 418.65,55.08 547.46,69.95 694.63,87.29 779.01,98.28 822.61,107.57 839.08,113.67 854.30,122.46 871.26,138.12 884.03,153.89 889.98,162.02 895.91,171.45 905.45,193.69 973.73,364.04 976.33,373.37 971.45,383.89 928.40,402.50 851.97,432.62 634.68,521.22 459.56,592.57 163.29,715.32 155.63,714.42"
                }
            },
            {
                "_attributes": {
                    "id": "24695372",
                    "type": "landuse.residential",
                    "color": "235,235,227",
                    "fill": "1",
                    "layer": "-3.00",
                    "shape": "932.95,92.96 946.46,112.79 969.58,171.10 981.60,200.55 1009.21,266.70 1037.68,334.09 1039.48,336.08 1044.34,335.21 1052.94,343.50 1167.20,290.85 1190.83,274.74 1241.27,208.68 1247.83,185.04 1244.64,180.06 1263.40,129.22 1214.63,27.37 1170.97,-79.12 1140.67,-146.17 1111.96,-128.52 1010.49,-33.29 986.06,-10.45 957.22,16.57 927.13,44.47 920.36,52.18 917.03,58.87 915.96,73.64 932.95,92.96"
                }
            },
            {
                "_attributes": {
                    "id": "28970361",
                    "type": "building.apartments",
                    "color": "255,230,230",
                    "fill": "1",
                    "layer": "-1.00",
                    "shape": "679.94,392.77 684.99,405.05 776.22,367.78 898.00,318.30 892.95,306.00 884.32,309.51 862.15,318.51 837.87,328.38 814.18,338.01 789.73,347.95 771.42,355.39 765.34,357.87 740.42,368.06 715.79,378.11 694.17,386.95 679.94,392.77"
                }
            },
            {
                "_attributes": {
                    "id": "28970362",
                    "type": "building.apartments",
                    "color": "255,230,230",
                    "fill": "1",
                    "layer": "-1.00",
                    "shape": "892.95,306.00 903.70,301.56 889.00,266.15 878.25,270.59 882.46,280.75 890.05,299.01 892.95,306.00"
                }
            },
            {
                "_attributes": {
                    "id": "28970364",
                    "type": "landuse.grass",
                    "color": "194,194,130",
                    "fill": "1",
                    "layer": "-3.00",
                    "shape": "1018.03,448.59 1048.44,438.68 1053.25,450.74 1063.47,476.09 1089.35,537.32 1111.15,589.38 1130.29,637.15 1138.07,660.30 1142.24,684.60 1143.38,700.50 1142.64,717.12 1139.57,732.14 1134.92,747.59 1129.46,760.91 1123.46,774.56 1111.26,795.90 1078.75,836.61 1049.49,870.65 1022.25,905.82 1020.28,912.45 863.82,1115.41 850.11,1125.79 750.43,1255.87 749.05,1260.46 673.10,1357.01 653.08,1378.05 633.99,1393.92 624.68,1400.12 613.56,1405.91 599.44,1412.38 495.68,1453.52 473.42,1462.34 470.54,1463.18 468.45,1463.40 466.09,1463.28 463.64,1462.73 460.88,1461.57 458.22,1459.90 456.24,1458.17 454.95,1456.52 454.08,1454.73 453.39,1452.37 453.17,1449.81 453.31,1447.11 453.85,1444.37 455.05,1442.01 456.79,1440.19 459.55,1438.60 462.75,1437.08 513.86,1416.70 522.93,1417.29 572.99,1396.99 574.86,1392.57 601.21,1377.77 605.69,1385.50 631.32,1366.49 653.93,1343.95 677.05,1315.35 781.61,1182.08 887.88,1050.08 955.46,961.26 956.53,949.16 987.74,909.34 997.49,916.57 1016.10,892.40 1008.28,885.03 1023.81,861.94 1021.26,859.82 1064.32,802.52 1097.94,756.31 1106.44,734.04 1110.61,697.44 1106.21,663.21 1018.03,448.59"
                }
            },
            {
                "_attributes": {
                    "id": "28970431",
                    "type": "amenity.kindergarten",
                    "color": "237,199,199",
                    "fill": "1",
                    "layer": "-1.00",
                    "shape": "741.19,205.30 752.81,206.42 752.59,208.64 761.36,209.50 762.92,193.42 771.91,194.29 770.80,205.75 768.61,205.53 768.05,211.34 787.29,213.21 788.86,197.26 797.71,198.13 795.94,216.11 793.54,215.87 793.31,218.23 810.15,219.86 809.17,229.92 796.32,228.68 796.57,226.09 788.95,225.35 787.44,240.75 778.32,239.86 779.42,228.63 781.64,228.85 782.28,222.32 763.71,220.52 762.08,237.23 752.82,236.33 753.88,225.41 755.98,225.62 756.94,215.66 740.33,214.04 741.19,205.30"
                }
            },
            {
                "_attributes": {
                    "id": "28970431#1",
                    "type": "building.kindergarten",
                    "color": "255,230,230",
                    "fill": "1",
                    "layer": "-1.00",
                    "shape": "741.19,205.30 752.81,206.42 752.59,208.64 761.36,209.50 762.92,193.42 771.91,194.29 770.80,205.75 768.61,205.53 768.05,211.34 787.29,213.21 788.86,197.26 797.71,198.13 795.94,216.11 793.54,215.87 793.31,218.23 810.15,219.86 809.17,229.92 796.32,228.68 796.57,226.09 788.95,225.35 787.44,240.75 778.32,239.86 779.42,228.63 781.64,228.85 782.28,222.32 763.71,220.52 762.08,237.23 752.82,236.33 753.88,225.41 755.98,225.62 756.94,215.66 740.33,214.04 741.19,205.30"
                }
            },
            {
                "_attributes": {
                    "id": "28970455",
                    "type": "building.apartments",
                    "color": "255,230,230",
                    "fill": "1",
                    "layer": "-1.00",
                    "shape": "792.89,673.70 781.18,678.53 765.24,639.94 776.79,635.18 772.12,623.88 887.48,576.43 989.03,534.67 993.60,545.72 1005.53,540.82 1022.09,580.92 1010.11,585.85 1006.59,577.31 996.63,553.21 993.78,546.29 981.70,551.25 956.90,561.45 931.53,571.89 907.73,581.68 892.73,587.85 879.21,593.40 857.35,602.40 834.99,611.59 811.90,621.09 788.76,630.61 777.08,635.41 780.96,644.81 789.85,666.34 792.89,673.70"
                }
            },
            {
                "_attributes": {
                    "id": "28970465",
                    "type": "building.apartments",
                    "color": "255,230,230",
                    "fill": "1",
                    "layer": "-1.00",
                    "shape": "654.14,260.11 652.64,272.21 662.98,273.48 683.16,275.98 703.33,278.46 723.70,280.98 732.56,282.07 734.07,269.98 654.14,260.11"
                }
            },
            {
                "_attributes": {
                    "id": "28970476",
                    "type": "building.apartments",
                    "color": "255,230,230",
                    "fill": "1",
                    "layer": "-1.00",
                    "shape": "918.05,371.57 911.82,356.29 905.58,341.02 925.63,332.86 930.61,345.05 933.40,343.92 935.78,349.76 932.91,350.93 938.02,363.45 918.05,371.57"
                }
            },
            {
                "_attributes": {
                    "id": "28970478",
                    "type": "building.apartments",
                    "color": "255,230,230",
                    "fill": "1",
                    "layer": "-1.00",
                    "shape": "754.30,611.55 741.19,581.87 756.74,575.03 759.46,581.20 761.56,580.27 765.45,589.07 769.33,597.88 766.75,599.02 769.35,604.94 754.30,611.55"
                }
            },
            {
                "_attributes": {
                    "id": "28970483",
                    "type": "building.apartments",
                    "color": "255,230,230",
                    "fill": "1",
                    "layer": "-1.00",
                    "shape": "980.53,519.04 967.23,489.02 980.26,483.27 983.06,489.60 985.15,488.67 989.04,497.47 992.95,506.28 990.34,507.43 993.04,513.51 980.53,519.04"
                }
            },
            {
                "_attributes": {
                    "id": "290262542",
                    "type": "landuse.grass",
                    "color": "194,194,130",
                    "fill": "0",
                    "layer": "-3.00",
                    "shape": "1206.14,357.18 1218.39,348.17 1347.86,296.31 1280.00,131.21 1274.68,128.64 1275.00,134.72 1280.38,148.06 1281.98,151.61 1282.31,165.18 1247.57,183.35 1238.99,204.86 1192.16,267.98 1188.59,266.44 1166.06,288.46"
                }
            },
            {
                "_attributes": {
                    "id": "290335520",
                    "type": "building.ventilation_kiosk",
                    "color": "255,230,230",
                    "fill": "1",
                    "layer": "-1.00",
                    "shape": "1103.56,366.15 1102.06,362.95 1105.14,361.51 1106.64,364.71 1103.56,366.15"
                }
            },
            {
                "_attributes": {
                    "id": "290335520#1",
                    "type": "man_made.ventilation_shaft",
                    "color": "255,230,230",
                    "fill": "1",
                    "layer": "-1.00",
                    "shape": "1103.56,366.15 1102.06,362.95 1105.14,361.51 1106.64,364.71 1103.56,366.15"
                }
            },
            {
                "_attributes": {
                    "id": "290487892",
                    "type": "landuse.grass",
                    "color": "194,194,130",
                    "fill": "1",
                    "layer": "-3.00",
                    "shape": "1009.55,420.87 1011.71,421.54 1014.05,421.97 1017.25,421.53 1024.00,419.22 1028.44,417.21 1030.07,415.91 1031.22,414.63 1032.48,413.04 1033.62,411.22 1034.33,409.12 1034.78,407.46 1034.43,404.80 1033.71,402.02 1030.00,393.88 1025.63,383.02 1023.41,380.59 1021.57,379.57 1019.61,379.46 1017.66,379.47 1015.75,379.68 1013.97,380.22 1006.69,383.03 1003.54,384.55 1001.06,385.99 998.73,387.60 996.96,389.72 996.05,390.75 995.48,391.91 995.35,393.34 995.68,394.62 1001.12,406.46 1006.78,418.84 1008.05,419.98 1009.55,420.87"
                }
            },
            {
                "_attributes": {
                    "id": "290487893",
                    "type": "leisure.playground",
                    "color": "207,245,201",
                    "fill": "1",
                    "layer": "-2.00",
                    "shape": "1168.87,307.41 1163.30,303.36 1160.41,298.92 1180.09,291.52 1188.34,287.60 1195.01,303.56 1187.04,307.94 1178.66,309.15 1168.87,307.41"
                }
            },
            {
                "_attributes": {
                    "id": "341447479",
                    "type": "building.service",
                    "color": "255,230,230",
                    "fill": "1",
                    "layer": "-1.00",
                    "shape": "729.49,413.56 727.33,408.05 734.71,405.16 736.88,410.67 729.49,413.56"
                }
            },
            {
                "_attributes": {
                    "id": "341447482",
                    "type": "landuse.grass",
                    "color": "194,194,130",
                    "fill": "1",
                    "layer": "-3.00",
                    "shape": "752.59,459.55 747.25,448.67 741.52,448.02 724.93,407.66 710.32,413.40 714.15,423.84 716.77,425.24 724.03,443.01 721.02,444.17 725.13,453.50 728.75,452.15 730.97,458.41 687.53,476.77 690.98,485.09 752.59,459.55"
                }
            },
            {
                "_attributes": {
                    "id": "37007074",
                    "type": "building.apartments",
                    "color": "255,230,230",
                    "fill": "1",
                    "layer": "-1.00",
                    "shape": "813.52,132.82 825.56,141.51 846.97,156.95 857.97,164.89 863.24,177.29 873.60,201.67 883.96,226.05 889.12,238.19 902.11,232.69 870.97,159.39 861.49,163.40 860.31,161.66 865.44,154.59 820.98,122.53 817.07,127.93 814.30,127.10 815.05,121.59 711.93,107.61 710.39,118.84 722.79,120.53 749.12,124.10 775.12,127.62 801.53,131.19 813.52,132.82"
                }
            },
            {
                "_attributes": {
                    "id": "372571388",
                    "type": "leisure.playground",
                    "color": "207,245,201",
                    "fill": "1",
                    "layer": "-2.00",
                    "shape": "975.38,572.38 981.16,585.44 966.48,591.93 960.70,578.87 975.38,572.38"
                }
            },
            {
                "_attributes": {
                    "id": "37805515",
                    "type": "building.apartments",
                    "color": "255,230,230",
                    "fill": "1",
                    "layer": "-1.00",
                    "shape": "1027.06,597.92 1036.76,595.33 1066.19,675.04 1074.06,696.35 1075.99,728.87 1059.91,761.13 1049.12,774.84 1034.13,793.87 1019.57,812.39 1013.50,820.10 1004.74,812.23 1051.02,754.62 1057.20,740.61 1063.81,725.63 1063.41,711.80 1063.00,697.78 1060.52,690.93 1057.71,683.10 1054.15,673.18 1042.39,640.50 1031.91,611.40 1027.06,597.92"
                }
            },
            {
                "_attributes": {
                    "id": "37807615",
                    "type": "building.apartments",
                    "color": "255,230,230",
                    "fill": "1",
                    "layer": "-1.00",
                    "shape": "1019.52,218.00 1031.13,213.40 1049.57,259.80 1038.52,264.18 1036.21,258.36 1033.15,259.57 1031.23,254.74 1029.31,249.89 1032.27,248.72 1027.93,237.82 1025.12,238.94 1022.51,232.37 1019.90,225.79 1022.25,224.86 1019.52,218.00"
                }
            },
            {
                "_attributes": {
                    "id": "37807616",
                    "type": "building.apartments",
                    "color": "255,230,230",
                    "fill": "1",
                    "layer": "-1.00",
                    "shape": "1054.77,271.72 1094.52,255.92 1094.98,257.10 1102.35,254.17 1104.41,259.35 1103.27,259.80 1106.07,266.81 1100.26,269.12 1099.98,268.42 1097.52,269.39 1097.65,269.71 1092.00,271.96 1086.35,274.20 1085.58,272.28 1076.29,275.97 1077.17,278.17 1069.96,281.05 1062.74,283.91 1061.92,281.89 1059.25,282.95 1054.77,271.72"
                }
            },
            {
                "_attributes": {
                    "id": "37807617",
                    "type": "building.apartments",
                    "color": "255,230,230",
                    "fill": "1",
                    "layer": "-1.00",
                    "shape": "1148.70,200.41 1198.11,181.50 1203.64,195.90 1192.47,200.18 1168.26,209.44 1152.68,215.41 1157.53,228.02 1170.37,261.43 1156.10,266.89 1158.51,273.16 1147.74,277.28 1136.97,281.40 1132.24,269.09 1153.45,260.97 1150.18,252.48 1135.97,215.52 1152.13,209.34 1148.70,200.41"
                }
            },
            {
                "_attributes": {
                    "id": "37807624",
                    "type": "building.service",
                    "color": "255,230,230",
                    "fill": "1",
                    "layer": "-1.00",
                    "shape": "1072.68,237.38 1066.74,221.38 1056.37,225.00 1062.48,241.48 1072.68,237.38"
                }
            },
            {
                "_attributes": {
                    "id": "37807625",
                    "type": "building.service",
                    "color": "255,230,230",
                    "fill": "1",
                    "layer": "-1.00",
                    "shape": "1084.60,230.93 1101.50,224.44 1093.07,202.61 1076.17,209.11 1084.60,230.93"
                }
            },
            {
                "_attributes": {
                    "id": "432582300",
                    "type": "building.service",
                    "color": "255,230,230",
                    "fill": "1",
                    "layer": "-1.00",
                    "shape": "711.75,342.14 733.13,333.45 727.76,320.31 706.38,329.01 711.75,342.14"
                }
            },
            {
                "_attributes": {
                    "id": "432582302",
                    "type": "building.service",
                    "color": "255,230,230",
                    "fill": "1",
                    "layer": "-1.00",
                    "shape": "753.86,312.01 747.02,314.83 751.49,325.66 758.33,322.84 753.86,312.01"
                }
            },
            {
                "_attributes": {
                    "id": "432582304",
                    "type": "building.service",
                    "color": "255,230,230",
                    "fill": "1",
                    "layer": "-1.00",
                    "shape": "772.35,316.83 778.67,314.07 776.01,307.99 769.68,310.76 772.35,316.83"
                }
            },
            {
                "_attributes": {
                    "id": "455271030",
                    "type": "building.service",
                    "color": "255,230,230",
                    "fill": "1",
                    "layer": "-1.00",
                    "shape": "1223.39,359.97 1228.34,358.07 1231.33,365.85 1229.13,366.70 1229.69,368.16 1226.95,369.22 1223.39,359.97"
                }
            },
            {
                "_attributes": {
                    "id": "455271030#1",
                    "type": "man_made.street_cabinet",
                    "color": "255,230,230",
                    "fill": "1",
                    "layer": "-1.00",
                    "shape": "1223.39,359.97 1228.34,358.07 1231.33,365.85 1229.13,366.70 1229.69,368.16 1226.95,369.22 1223.39,359.97"
                }
            },
            {
                "_attributes": {
                    "id": "48068751",
                    "type": "leisure.park",
                    "color": "207,245,201",
                    "fill": "1",
                    "layer": "-2.00",
                    "shape": "983.66,365.95 980.39,357.98 916.50,203.16 900.31,162.10 891.54,147.38 877.76,130.72 859.36,114.84 845.04,105.82 824.81,96.64 780.99,86.98 609.84,67.14 549.07,59.90 420.18,45.99 395.73,47.19 380.76,49.10 357.61,53.70 313.40,66.91 -22.53,206.10 -29.84,206.27 -35.54,204.05 -39.85,200.29 -42.67,196.20 -44.23,190.02 -43.52,184.19 -40.74,179.66 -36.83,175.78 -31.30,172.87 -29.76,176.90 22.41,155.85 22.43,152.25 162.13,95.48 271.42,51.39 326.61,29.74 338.56,26.45 359.76,21.27 379.16,18.28 401.33,16.51 420.01,16.87 457.83,19.24 464.14,20.09 587.16,34.40 635.08,40.16 798.30,60.69 820.73,64.06 842.48,70.47 862.65,80.10 883.70,93.83 898.04,107.36 913.24,123.72 922.78,136.42 929.84,150.14 978.00,265.18 1013.14,355.02 983.66,365.95"
                }
            },
            {
                "_attributes": {
                    "id": "48143848",
                    "type": "leisure.park",
                    "color": "207,245,201",
                    "fill": "1",
                    "layer": "-2.00",
                    "shape": "182.76,762.07 168.80,725.96 968.86,398.73 973.33,398.60 976.20,400.48 978.04,403.47 985.43,421.46 985.38,425.47 984.11,430.36 979.70,437.66 182.76,762.07"
                }
            },
            {
                "_attributes": {
                    "id": "48143851",
                    "type": "amenity.parking",
                    "color": "184,184,179",
                    "fill": "1",
                    "layer": "-1.00",
                    "shape": "783.80,557.45 797.20,589.52 801.26,587.84 804.59,586.45 870.08,559.19 856.68,527.11 805.39,548.47 801.13,550.24 791.64,554.19 788.44,555.46 783.80,557.45"
                }
            },
            {
                "_attributes": {
                    "id": "48304061",
                    "type": "building.retail",
                    "color": "255,230,230",
                    "fill": "1",
                    "layer": "-1.00",
                    "shape": "1032.11,288.69 1036.09,298.35 1044.90,294.74 1040.92,285.06 1032.11,288.69"
                }
            },
            {
                "_attributes": {
                    "id": "48764344",
                    "type": "amenity.university",
                    "color": "237,199,199",
                    "fill": "0",
                    "layer": "-1.00",
                    "shape": "1206.14,357.18 1270.79,501.16"
                }
            },
            {
                "_attributes": {
                    "id": "48764346",
                    "type": "building.apartments",
                    "color": "255,230,230",
                    "fill": "1",
                    "layer": "-1.00",
                    "shape": "1244.15,358.36 1257.49,392.51 1290.30,379.74 1276.96,345.59 1244.15,358.36"
                }
            },
            {
                "_attributes": {
                    "id": "52003436",
                    "type": "building.retail",
                    "color": "255,230,230",
                    "fill": "1",
                    "layer": "-1.00",
                    "shape": "937.14,493.88 939.96,495.76 951.56,491.22 947.69,481.35 934.28,486.60 937.14,493.88"
                }
            },
            {
                "_attributes": {
                    "id": "53505344",
                    "type": "building.transportation",
                    "color": "255,230,230",
                    "fill": "1",
                    "layer": "-1.00",
                    "shape": "815.13,539.63 871.25,516.54 869.77,512.94 868.45,509.76 812.33,532.85 813.65,536.05 815.13,539.63"
                }
            },
            {
                "_attributes": {
                    "id": "53505347",
                    "type": "building.yes",
                    "color": "255,230,230",
                    "fill": "1",
                    "layer": "-1.00",
                    "shape": "781.50,460.68 837.63,437.59 836.39,434.59 834.83,430.80 778.70,453.90 779.98,456.58 781.50,460.68"
                }
            },
            {
                "_attributes": {
                    "id": "540281348",
                    "type": "landuse.grass",
                    "color": "194,194,130",
                    "fill": "1",
                    "layer": "-3.00",
                    "shape": "1018.34,438.55 1020.13,434.63 1023.02,431.86 1027.59,429.84 1032.68,429.05 1037.74,429.02 1043.00,430.70 1045.53,432.87 1047.26,434.93 1017.75,444.51 1017.85,441.31 1018.34,438.55"
                }
            },
            {
                "_attributes": {
                    "id": "54179908",
                    "type": "building.sports_centre",
                    "color": "255,230,230",
                    "fill": "1",
                    "layer": "-1.00",
                    "shape": "1245.61,515.31 1190.09,538.59 1193.16,545.15 1184.36,556.91 1153.46,577.53 1160.14,595.06 1168.25,611.32 1178.54,627.53 1190.62,643.55 1212.39,660.12 1239.38,643.72 1250.50,667.45 1279.90,666.08 1304.71,655.68 1245.61,515.31"
                }
            },
            {
                "_attributes": {
                    "id": "54179914",
                    "type": "building.public",
                    "color": "255,230,230",
                    "fill": "1",
                    "layer": "-1.00",
                    "shape": "764.94,433.78 769.40,436.61 774.52,436.49 776.17,436.45 779.64,436.37 783.98,434.08 788.28,430.33 791.85,426.59 792.50,422.93 792.47,420.97 796.29,420.65 794.58,408.72 784.50,397.70 781.66,399.21 779.24,398.78 776.14,399.33 768.48,399.75 765.40,401.49 761.86,403.97 759.77,406.65 757.21,409.82 753.85,409.90 753.74,426.17 760.67,435.09 764.94,433.78"
                }
            },
            {
                "_attributes": {
                    "id": "542150025",
                    "type": "landuse.grass",
                    "color": "194,194,130",
                    "fill": "1",
                    "layer": "-3.00",
                    "shape": "1012.97,360.01 1012.11,362.13 1010.97,364.09 1009.71,366.17 1007.75,368.35 1004.40,370.75 1000.30,372.24 997.87,372.57 994.14,372.37 992.30,372.09 990.52,371.54 987.08,369.68 1012.97,360.01"
                }
            },
            {
                "_attributes": {
                    "id": "563047277",
                    "type": "landuse.residential",
                    "color": "235,235,227",
                    "fill": "0",
                    "layer": "-3.00",
                    "shape": "1409.16,447.11 1344.90,294.22 1218.39,348.17 1206.14,357.18"
                }
            },
            {
                "_attributes": {
                    "id": "563047278",
                    "type": "landuse.grass",
                    "color": "194,194,130",
                    "fill": "0",
                    "layer": "-3.00",
                    "shape": "1166.06,288.46 1064.09,338.29 1062.34,335.64 1049.73,340.85 1073.59,395.80"
                }
            },
            {
                "_attributes": {
                    "id": "563047279",
                    "type": "amenity.university",
                    "color": "237,199,199",
                    "fill": "0",
                    "layer": "-1.00",
                    "shape": "1073.59,395.80 1093.75,392.33 1113.50,395.22 1206.14,357.18"
                }
            },
            {
                "_attributes": {
                    "id": "563047280",
                    "type": "amenity.university",
                    "color": "237,199,199",
                    "fill": "0",
                    "layer": "-1.00",
                    "shape": "1270.79,501.16 1137.88,555.41"
                }
            },
            {
                "_attributes": {
                    "id": "563047283",
                    "type": "leisure.sports_centre",
                    "color": "207,245,201",
                    "fill": "0",
                    "layer": "-2.00",
                    "shape": "1137.88,555.41 1150.83,587.67 1160.16,607.17 1171.70,626.84 1185.19,643.80 1196.76,654.83 1212.77,665.75 1225.31,670.79 1241.15,674.19 1260.08,677.52 1295.68,671.82 1332.29,661.24 1327.62,651.27"
                }
            },
            {
                "_attributes": {
                    "id": "563047283#1",
                    "type": "sport.multi",
                    "color": "79,230,125",
                    "fill": "0",
                    "layer": "-2.00",
                    "shape": "1137.88,555.41 1150.83,587.67 1160.16,607.17 1171.70,626.84 1185.19,643.80 1196.76,654.83 1212.77,665.75 1225.31,670.79 1241.15,674.19 1260.08,677.52 1295.68,671.82 1332.29,661.24 1327.62,651.27"
                }
            },
            {
                "_attributes": {
                    "id": "563047284",
                    "type": "amenity.university",
                    "color": "237,199,199",
                    "fill": "0",
                    "layer": "-1.00",
                    "shape": "1137.88,555.41 1073.59,395.80"
                }
            },
            {
                "_attributes": {
                    "id": "58740543",
                    "type": "building.service",
                    "color": "255,230,230",
                    "fill": "1",
                    "layer": "-1.00",
                    "shape": "1110.58,205.48 1115.43,203.60 1113.31,198.16 1108.46,200.04 1110.58,205.48"
                }
            },
            {
                "_attributes": {
                    "id": "58740544",
                    "type": "building.yes",
                    "color": "255,230,230",
                    "fill": "1",
                    "layer": "-1.00",
                    "shape": "1202.90,221.32 1200.25,214.89 1196.84,216.30 1199.48,222.73 1202.90,221.32"
                }
            },
            {
                "_attributes": {
                    "id": "623905504",
                    "type": "leisure.playground",
                    "color": "207,245,201",
                    "fill": "1",
                    "layer": "-2.00",
                    "shape": "893.65,365.88 899.90,380.71 885.62,386.70 879.37,371.87 893.65,365.88"
                }
            },
            {
                "_attributes": {
                    "id": "626895101",
                    "type": "landuse.grass",
                    "color": "194,194,130",
                    "fill": "1",
                    "layer": "-3.00",
                    "shape": "1267.44,242.65 1259.54,242.99 1256.19,243.57 1252.87,245.50 1247.77,250.48 1245.82,253.55 1245.91,257.58 1248.50,260.37 1251.41,262.82 1253.67,265.62 1255.17,272.46 1256.26,276.14 1256.85,287.20 1259.27,289.83 1262.34,291.77 1264.09,294.58 1266.67,297.38 1273.57,297.39 1276.57,296.31 1279.39,294.74 1280.50,291.52 1280.76,288.17 1280.68,284.81 1278.93,281.66 1276.52,279.20 1274.60,276.22 1275.19,272.68 1277.22,265.76 1275.47,262.77 1271.90,261.35 1269.16,259.06 1268.58,255.71 1268.67,252.35 1269.26,248.98 1269.69,245.61 1267.44,242.65"
                }
            },
            {
                "_attributes": {
                    "id": "626895101#1",
                    "type": "natural.wood",
                    "color": "140,196,107",
                    "fill": "1",
                    "layer": "-4.00",
                    "shape": "1267.44,242.65 1259.54,242.99 1256.19,243.57 1252.87,245.50 1247.77,250.48 1245.82,253.55 1245.91,257.58 1248.50,260.37 1251.41,262.82 1253.67,265.62 1255.17,272.46 1256.26,276.14 1256.85,287.20 1259.27,289.83 1262.34,291.77 1264.09,294.58 1266.67,297.38 1273.57,297.39 1276.57,296.31 1279.39,294.74 1280.50,291.52 1280.76,288.17 1280.68,284.81 1278.93,281.66 1276.52,279.20 1274.60,276.22 1275.19,272.68 1277.22,265.76 1275.47,262.77 1271.90,261.35 1269.16,259.06 1268.58,255.71 1268.67,252.35 1269.26,248.98 1269.69,245.61 1267.44,242.65"
                }
            },
            {
                "_attributes": {
                    "id": "663155059",
                    "type": "landuse.grass",
                    "color": "194,194,130",
                    "fill": "1",
                    "layer": "-3.00",
                    "shape": "894.50,501.63 921.22,490.33 919.96,487.36 893.24,498.65 894.50,501.63"
                }
            },
            {
                "_attributes": {
                    "id": "663155061",
                    "type": "landuse.grass",
                    "color": "194,194,130",
                    "fill": "1",
                    "layer": "-3.00",
                    "shape": "883.10,506.41 890.80,503.03 889.44,499.95 881.75,503.34 883.10,506.41"
                }
            },
            {
                "_attributes": {
                    "id": "663155071",
                    "type": "landuse.retail",
                    "color": "194,194,130",
                    "fill": "1",
                    "layer": "-3.00",
                    "shape": "877.61,551.38 896.98,543.25 891.05,529.17 887.11,519.80 867.73,527.93 877.61,551.38"
                }
            },
            {
                "_attributes": {
                    "id": "663155073",
                    "type": "landuse.grass",
                    "color": "194,194,130",
                    "fill": "1",
                    "layer": "-3.00",
                    "shape": "884.24,495.40 816.54,524.31 815.01,520.36 837.20,511.36 841.75,507.20 854.93,501.84 858.25,501.81 882.60,491.90 884.24,495.40"
                }
            },
            {
                "_attributes": {
                    "id": "663155075",
                    "type": "landuse.grass",
                    "color": "194,194,130",
                    "fill": "1",
                    "layer": "-3.00",
                    "shape": "800.16,530.78 811.59,525.97 811.97,523.42 810.60,521.68 809.25,520.82 799.66,523.81 798.50,526.28 798.78,528.48 800.16,530.78"
                }
            },
            {
                "_attributes": {
                    "id": "663155079",
                    "type": "landuse.grass",
                    "color": "194,194,130",
                    "fill": "1",
                    "layer": "-3.00",
                    "shape": "794.25,534.35 723.33,562.67 722.03,559.16 721.86,556.72 723.58,554.58 766.79,537.45 790.33,528.12 791.67,528.31 792.92,529.50 793.62,531.15 794.25,534.35"
                }
            },
            {
                "_attributes": {
                    "id": "663155082",
                    "type": "natural.tree_row",
                    "color": "140,196,107",
                    "fill": "0",
                    "layer": "-4.00",
                    "shape": "724.91,559.30 789.66,532.68"
                }
            },
            {
                "_attributes": {
                    "id": "663155086",
                    "type": "natural.tree_row",
                    "color": "140,196,107",
                    "fill": "0",
                    "layer": "-4.00",
                    "shape": "817.38,522.19 881.89,494.78"
                }
            },
            {
                "_attributes": {
                    "id": "663155089",
                    "type": "natural.tree_row",
                    "color": "140,196,107",
                    "fill": "0",
                    "layer": "-4.00",
                    "shape": "800.55,528.67 810.34,524.67"
                }
            },
            {
                "_attributes": {
                    "id": "663155095",
                    "type": "landuse.grass",
                    "color": "194,194,130",
                    "fill": "1",
                    "layer": "-3.00",
                    "shape": "952.77,476.95 958.20,476.49 990.80,462.64 992.80,458.20 952.07,475.20 952.77,476.95"
                }
            },
            {
                "_attributes": {
                    "id": "663155098",
                    "type": "building.yes",
                    "color": "255,230,230",
                    "fill": "1",
                    "layer": "-1.00",
                    "shape": "957.83,471.69 961.73,470.16 960.79,467.77 959.28,468.36 958.95,467.93 958.52,468.76 956.92,469.40 957.83,471.69"
                }
            },
            {
                "_attributes": {
                    "id": "663155098#1",
                    "type": "shop.newsagent",
                    "color": "237,199,255",
                    "fill": "1",
                    "layer": "-1.00",
                    "shape": "957.83,471.69 961.73,470.16 960.79,467.77 959.28,468.36 958.95,467.93 958.52,468.76 956.92,469.40 957.83,471.69"
                }
            },
            {
                "_attributes": {
                    "id": "663155105",
                    "type": "landuse.grass",
                    "color": "194,194,130",
                    "fill": "1",
                    "layer": "-3.00",
                    "shape": "804.59,586.45 791.64,554.19 801.13,550.24 796.92,539.52 728.84,565.99 729.66,567.85 768.27,552.90 770.62,558.60 777.76,555.79 775.99,550.95 785.23,547.65 788.44,555.46 801.26,587.84 804.59,586.45"
                }
            },
            {
                "_attributes": {
                    "id": "663155118",
                    "type": "landuse.grass",
                    "color": "194,194,130",
                    "fill": "1",
                    "layer": "-3.00",
                    "shape": "691.19,546.34 735.20,517.34 689.02,535.26 687.54,537.45 688.92,542.13 691.19,546.34"
                }
            },
            {
                "_attributes": {
                    "id": "663155169",
                    "type": "landuse.grass",
                    "color": "194,194,130",
                    "fill": "1",
                    "layer": "-3.00",
                    "shape": "829.50,426.13 826.79,419.10 823.49,420.29 822.78,418.42 815.30,421.35 817.07,426.08 763.22,448.92 764.66,453.53 766.78,453.93 770.90,449.73 829.50,426.13"
                }
            },
            {
                "_attributes": {
                    "id": "663155171",
                    "type": "landuse.grass",
                    "color": "194,194,130",
                    "fill": "1",
                    "layer": "-3.00",
                    "shape": "832.69,424.84 839.40,422.02 840.75,422.87 876.92,408.09 880.52,410.67 896.47,404.54 891.09,402.12 878.86,401.07 835.55,419.01 834.86,417.59 833.20,417.96 832.62,416.75 830.09,417.70 832.69,424.84"
                }
            },
            {
                "_attributes": {
                    "id": "663155173",
                    "type": "natural.wood",
                    "color": "140,196,107",
                    "fill": "1",
                    "layer": "-4.00",
                    "shape": "878.86,401.07 891.09,402.12 896.47,404.54 909.18,397.27 912.06,392.12 911.50,387.03 910.03,381.20 898.38,361.97 894.29,352.99 887.88,349.37 876.93,351.06 806.01,374.62 805.41,382.28 811.15,385.58 828.18,378.32 854.42,371.18 864.32,366.96 874.60,365.18 889.98,363.50 893.65,365.88 899.90,380.71 885.62,386.70 879.37,371.87 873.53,371.96 871.41,376.11 872.84,385.15 878.86,401.07"
                }
            },
            {
                "_attributes": {
                    "id": "663155185",
                    "type": "building.yes",
                    "color": "255,230,230",
                    "fill": "1",
                    "layer": "-1.00",
                    "shape": "959.05,375.97 963.01,374.38 961.89,371.60 957.93,373.18 959.05,375.97"
                }
            },
            {
                "_attributes": {
                    "id": "663155185#1",
                    "type": "shop.kiosk",
                    "color": "237,199,255",
                    "fill": "1",
                    "layer": "-1.00",
                    "shape": "959.05,375.97 963.01,374.38 961.89,371.60 957.93,373.18 959.05,375.97"
                }
            },
            {
                "_attributes": {
                    "id": "697290375",
                    "type": "amenity.shelter",
                    "color": "237,199,199",
                    "fill": "1",
                    "layer": "-1.00",
                    "shape": "1190.28,236.08 1192.04,235.97 1193.63,235.19 1194.79,233.87 1195.35,232.21 1195.24,230.45 1194.46,228.88 1193.14,227.72 1191.47,227.15 1189.71,227.26 1188.13,228.04 1186.97,229.36 1186.41,231.02 1186.52,232.78 1187.30,234.35 1188.62,235.51 1190.28,236.08"
                }
            },
            {
                "_attributes": {
                    "id": "697290375#1",
                    "type": "building.yes",
                    "color": "255,230,230",
                    "fill": "1",
                    "layer": "-1.00",
                    "shape": "1190.28,236.08 1192.04,235.97 1193.63,235.19 1194.79,233.87 1195.35,232.21 1195.24,230.45 1194.46,228.88 1193.14,227.72 1191.47,227.15 1189.71,227.26 1188.13,228.04 1186.97,229.36 1186.41,231.02 1186.52,232.78 1187.30,234.35 1188.62,235.51 1190.28,236.08"
                }
            }
        ],
        "poi": [
            {
                "_attributes": {
                    "id": "10669551557",
                    "type": "amenity.training",
                    "color": "237,199,199",
                    "layer": "4.00",
                    "x": "1258.19",
                    "y": "374.61"
                }
            },
            {
                "_attributes": {
                    "id": "11255167797",
                    "type": "shop.outpost",
                    "color": "237,199,255",
                    "layer": "4.00",
                    "x": "931.25",
                    "y": "359.02"
                }
            },
            {
                "_attributes": {
                    "id": "11572895945",
                    "type": "shop.outpost",
                    "color": "237,199,255",
                    "layer": "4.00",
                    "x": "1141.31",
                    "y": "215.97"
                }
            },
            {
                "_attributes": {
                    "id": "1236192723",
                    "type": "shop.convenience",
                    "color": "237,199,255",
                    "layer": "4.00",
                    "x": "1040.56",
                    "y": "291.23"
                }
            },
            {
                "_attributes": {
                    "id": "2938115684",
                    "type": "historic.memorial",
                    "color": "128,255,128",
                    "layer": "4.00",
                    "x": "1102.86",
                    "y": "328.20"
                }
            },
            {
                "_attributes": {
                    "id": "3486366039",
                    "type": "amenity.parking",
                    "color": "184,184,179",
                    "layer": "4.00",
                    "x": "738.61",
                    "y": "428.82"
                }
            },
            {
                "_attributes": {
                    "id": "3510879227",
                    "type": "amenity.bicycle_parking",
                    "color": "237,199,199",
                    "layer": "4.00",
                    "x": "859.00",
                    "y": "528.80"
                }
            },
            {
                "_attributes": {
                    "id": "3710522025",
                    "type": "shop.convenience",
                    "color": "237,199,255",
                    "layer": "4.00",
                    "x": "929.91",
                    "y": "355.79"
                }
            },
            {
                "_attributes": {
                    "id": "3710535925",
                    "type": "amenity.courthouse",
                    "color": "237,199,199",
                    "layer": "4.00",
                    "x": "763.98",
                    "y": "589.29"
                }
            },
            {
                "_attributes": {
                    "id": "3710537525",
                    "type": "amenity.taxi",
                    "color": "237,199,199",
                    "layer": "4.00",
                    "x": "824.89",
                    "y": "512.94"
                }
            },
            {
                "_attributes": {
                    "id": "3711767026",
                    "type": "amenity.taxi",
                    "color": "237,199,199",
                    "layer": "4.00",
                    "x": "749.64",
                    "y": "471.09"
                }
            },
            {
                "_attributes": {
                    "id": "3711797425",
                    "type": "amenity.public_service",
                    "color": "237,199,199",
                    "layer": "4.00",
                    "x": "781.13",
                    "y": "412.79"
                }
            },
            {
                "_attributes": {
                    "id": "3717971725",
                    "type": "amenity.dentist",
                    "color": "237,199,199",
                    "layer": "4.00",
                    "x": "1140.09",
                    "y": "266.89"
                }
            },
            {
                "_attributes": {
                    "id": "3717972225",
                    "type": "building.kiosk",
                    "color": "255,230,230",
                    "layer": "4.00",
                    "x": "1021.86",
                    "y": "264.67"
                }
            },
            {
                "_attributes": {
                    "id": "3717972225#1",
                    "type": "shop.newsagent",
                    "color": "237,199,255",
                    "layer": "4.00",
                    "x": "1021.86",
                    "y": "264.67"
                }
            },
            {
                "_attributes": {
                    "id": "3717972425",
                    "type": "shop.beauty",
                    "color": "237,199,255",
                    "layer": "4.00",
                    "x": "988.28",
                    "y": "507.75"
                }
            },
            {
                "_attributes": {
                    "id": "3718799725",
                    "type": "amenity.ice_cream",
                    "color": "237,199,199",
                    "layer": "4.00",
                    "x": "1024.89",
                    "y": "271.81"
                }
            },
            {
                "_attributes": {
                    "id": "3761316057",
                    "type": "amenity.parking",
                    "color": "184,184,179",
                    "layer": "4.00",
                    "x": "942.58",
                    "y": "593.05"
                }
            },
            {
                "_attributes": {
                    "id": "3814648705",
                    "type": "natural.tree",
                    "color": "140,196,107",
                    "layer": "1.00",
                    "x": "986.53",
                    "y": "309.36"
                }
            },
            {
                "_attributes": {
                    "id": "3814648706",
                    "type": "natural.tree",
                    "color": "140,196,107",
                    "layer": "1.00",
                    "x": "981.69",
                    "y": "317.59"
                }
            },
            {
                "_attributes": {
                    "id": "3814648707",
                    "type": "natural.tree",
                    "color": "140,196,107",
                    "layer": "1.00",
                    "x": "992.99",
                    "y": "319.58"
                }
            },
            {
                "_attributes": {
                    "id": "3814648708",
                    "type": "natural.tree",
                    "color": "140,196,107",
                    "layer": "1.00",
                    "x": "991.47",
                    "y": "328.77"
                }
            },
            {
                "_attributes": {
                    "id": "3814650346",
                    "type": "natural.tree",
                    "color": "140,196,107",
                    "layer": "1.00",
                    "x": "944.88",
                    "y": "214.63"
                }
            },
            {
                "_attributes": {
                    "id": "3814650347",
                    "type": "natural.tree",
                    "color": "140,196,107",
                    "layer": "1.00",
                    "x": "941.77",
                    "y": "222.30"
                }
            },
            {
                "_attributes": {
                    "id": "3814650348",
                    "type": "natural.tree",
                    "color": "140,196,107",
                    "layer": "1.00",
                    "x": "956.02",
                    "y": "239.93"
                }
            },
            {
                "_attributes": {
                    "id": "3814650349",
                    "type": "natural.tree",
                    "color": "140,196,107",
                    "layer": "1.00",
                    "x": "963.38",
                    "y": "251.16"
                }
            },
            {
                "_attributes": {
                    "id": "3814650351",
                    "type": "natural.tree",
                    "color": "140,196,107",
                    "layer": "1.00",
                    "x": "971.66",
                    "y": "280.51"
                }
            },
            {
                "_attributes": {
                    "id": "3814650352",
                    "type": "natural.tree",
                    "color": "140,196,107",
                    "layer": "1.00",
                    "x": "977.98",
                    "y": "291.77"
                }
            },
            {
                "_attributes": {
                    "id": "3814650353",
                    "type": "natural.tree",
                    "color": "140,196,107",
                    "layer": "1.00",
                    "x": "982.73",
                    "y": "302.37"
                }
            },
            {
                "_attributes": {
                    "id": "4194715158",
                    "type": "natural.tree",
                    "color": "140,196,107",
                    "layer": "1.00",
                    "x": "974.29",
                    "y": "418.73"
                }
            },
            {
                "_attributes": {
                    "id": "4194717837",
                    "type": "natural.tree",
                    "color": "140,196,107",
                    "layer": "1.00",
                    "x": "958.11",
                    "y": "386.39"
                }
            },
            {
                "_attributes": {
                    "id": "4195554123",
                    "type": "natural.tree",
                    "color": "140,196,107",
                    "layer": "1.00",
                    "x": "1043.40",
                    "y": "458.89"
                }
            },
            {
                "_attributes": {
                    "id": "4195554124",
                    "type": "natural.tree",
                    "color": "140,196,107",
                    "layer": "1.00",
                    "x": "1044.75",
                    "y": "453.74"
                }
            },
            {
                "_attributes": {
                    "id": "4195554823",
                    "type": "natural.tree",
                    "color": "140,196,107",
                    "layer": "1.00",
                    "x": "1041.82",
                    "y": "453.81"
                }
            },
            {
                "_attributes": {
                    "id": "4195559010",
                    "type": "natural.tree",
                    "color": "140,196,107",
                    "layer": "1.00",
                    "x": "1041.65",
                    "y": "446.49"
                }
            },
            {
                "_attributes": {
                    "id": "4195572289",
                    "type": "natural.tree",
                    "color": "140,196,107",
                    "layer": "1.00",
                    "x": "1038.95",
                    "y": "456.80"
                }
            },
            {
                "_attributes": {
                    "id": "4197821402",
                    "type": "natural.tree",
                    "color": "140,196,107",
                    "layer": "1.00",
                    "x": "970.30",
                    "y": "369.36"
                }
            },
            {
                "_attributes": {
                    "id": "4197821403",
                    "type": "natural.tree",
                    "color": "140,196,107",
                    "layer": "1.00",
                    "x": "961.56",
                    "y": "384.98"
                }
            },
            {
                "_attributes": {
                    "id": "4197839193",
                    "type": "natural.tree",
                    "color": "140,196,107",
                    "layer": "1.00",
                    "x": "968.91",
                    "y": "269.56"
                }
            },
            {
                "_attributes": {
                    "id": "4197839393",
                    "type": "natural.tree",
                    "color": "140,196,107",
                    "layer": "1.00",
                    "x": "928.61",
                    "y": "217.86"
                }
            },
            {
                "_attributes": {
                    "id": "4197843196",
                    "type": "natural.tree",
                    "color": "140,196,107",
                    "layer": "1.00",
                    "x": "1002.53",
                    "y": "347.74"
                }
            },
            {
                "_attributes": {
                    "id": "4198371193",
                    "type": "natural.tree",
                    "color": "140,196,107",
                    "layer": "1.00",
                    "x": "1036.28",
                    "y": "572.70"
                }
            },
            {
                "_attributes": {
                    "id": "4198371194",
                    "type": "amenity.bench",
                    "color": "237,199,199",
                    "layer": "4.00",
                    "x": "982.66",
                    "y": "345.02"
                }
            },
            {
                "_attributes": {
                    "id": "4198371394",
                    "type": "natural.tree",
                    "color": "140,196,107",
                    "layer": "1.00",
                    "x": "1053.82",
                    "y": "496.95"
                }
            },
            {
                "_attributes": {
                    "id": "4198371494",
                    "type": "amenity.bench",
                    "color": "237,199,199",
                    "layer": "4.00",
                    "x": "976.62",
                    "y": "316.29"
                }
            },
            {
                "_attributes": {
                    "id": "4198377791",
                    "type": "natural.tree",
                    "color": "140,196,107",
                    "layer": "1.00",
                    "x": "1051.62",
                    "y": "587.83"
                }
            },
            {
                "_attributes": {
                    "id": "4198377792",
                    "type": "natural.tree",
                    "color": "140,196,107",
                    "layer": "1.00",
                    "x": "1047.21",
                    "y": "582.06"
                }
            },
            {
                "_attributes": {
                    "id": "4198377793",
                    "type": "amenity.bench",
                    "color": "237,199,199",
                    "layer": "4.00",
                    "x": "986.57",
                    "y": "339.57"
                }
            },
            {
                "_attributes": {
                    "id": "4198377794",
                    "type": "amenity.bench",
                    "color": "237,199,199",
                    "layer": "4.00",
                    "x": "974.04",
                    "y": "321.05"
                }
            },
            {
                "_attributes": {
                    "id": "4208569903",
                    "type": "amenity.bench",
                    "color": "237,199,199",
                    "layer": "4.00",
                    "x": "948.90",
                    "y": "264.77"
                }
            },
            {
                "_attributes": {
                    "id": "4208591299",
                    "type": "amenity.bench",
                    "color": "237,199,199",
                    "layer": "4.00",
                    "x": "933.30",
                    "y": "227.14"
                }
            },
            {
                "_attributes": {
                    "id": "4208624606",
                    "type": "amenity.bench",
                    "color": "237,199,199",
                    "layer": "4.00",
                    "x": "944.50",
                    "y": "233.62"
                }
            },
            {
                "_attributes": {
                    "id": "4208628509",
                    "type": "amenity.bench",
                    "color": "237,199,199",
                    "layer": "4.00",
                    "x": "958.82",
                    "y": "268.83"
                }
            },
            {
                "_attributes": {
                    "id": "4208629691",
                    "type": "amenity.bench",
                    "color": "237,199,199",
                    "layer": "4.00",
                    "x": "955.36",
                    "y": "278.71"
                }
            },
            {
                "_attributes": {
                    "id": "4208629892",
                    "type": "amenity.bench",
                    "color": "237,199,199",
                    "layer": "4.00",
                    "x": "962.75",
                    "y": "279.77"
                }
            },
            {
                "_attributes": {
                    "id": "4211232460",
                    "type": "amenity.waste_disposal",
                    "color": "237,199,199",
                    "layer": "4.00",
                    "x": "911.06",
                    "y": "252.77"
                }
            },
            {
                "_attributes": {
                    "id": "4218071565",
                    "type": "amenity.waste_disposal",
                    "color": "237,199,199",
                    "layer": "4.00",
                    "x": "1274.68",
                    "y": "128.64"
                }
            },
            {
                "_attributes": {
                    "id": "4245735689",
                    "type": "amenity.waste_disposal",
                    "color": "237,199,199",
                    "layer": "4.00",
                    "x": "887.89",
                    "y": "338.20"
                }
            },
            {
                "_attributes": {
                    "id": "4252987182",
                    "type": "leisure.playground",
                    "color": "207,245,201",
                    "layer": "3.00",
                    "x": "844.48",
                    "y": "287.77"
                }
            },
            {
                "_attributes": {
                    "id": "4252987259",
                    "type": "amenity.waste_disposal",
                    "color": "237,199,199",
                    "layer": "4.00",
                    "x": "871.23",
                    "y": "254.44"
                }
            },
            {
                "_attributes": {
                    "id": "4289630991",
                    "type": "amenity.doctors",
                    "color": "237,199,199",
                    "layer": "4.00",
                    "x": "914.04",
                    "y": "344.22"
                }
            },
            {
                "_attributes": {
                    "id": "4307772726",
                    "type": "amenity.waste_disposal",
                    "color": "237,199,199",
                    "layer": "4.00",
                    "x": "797.47",
                    "y": "383.19"
                }
            },
            {
                "_attributes": {
                    "id": "4449096891",
                    "type": "shop.florist",
                    "color": "237,199,255",
                    "layer": "4.00",
                    "x": "975.81",
                    "y": "505.97"
                }
            },
            {
                "_attributes": {
                    "id": "4495517997",
                    "type": "amenity.pharmacy",
                    "color": "237,199,199",
                    "layer": "4.00",
                    "x": "980.25",
                    "y": "487.51"
                }
            },
            {
                "_attributes": {
                    "id": "4711035390",
                    "type": "leisure.playground",
                    "color": "207,245,201",
                    "layer": "3.00",
                    "x": "961.22",
                    "y": "490.90"
                }
            },
            {
                "_attributes": {
                    "id": "4711035391",
                    "type": "amenity.waste_disposal",
                    "color": "237,199,199",
                    "layer": "4.00",
                    "x": "944.97",
                    "y": "499.87"
                }
            },
            {
                "_attributes": {
                    "id": "4796403823",
                    "type": "amenity.waste_disposal",
                    "color": "237,199,199",
                    "layer": "4.00",
                    "x": "1126.89",
                    "y": "239.62"
                }
            },
            {
                "_attributes": {
                    "id": "4796406028",
                    "type": "leisure.playground",
                    "color": "207,245,201",
                    "layer": "3.00",
                    "x": "1108.61",
                    "y": "288.37"
                }
            },
            {
                "_attributes": {
                    "id": "4946100309",
                    "type": "amenity.recycling",
                    "color": "237,199,199",
                    "layer": "4.00",
                    "x": "939.56",
                    "y": "359.67"
                }
            },
            {
                "_attributes": {
                    "id": "570088526",
                    "type": "amenity.pharmacy",
                    "color": "237,199,199",
                    "layer": "4.00",
                    "x": "910.70",
                    "y": "511.24"
                }
            },
            {
                "_attributes": {
                    "id": "5891404363",
                    "type": "shop.convenience",
                    "color": "237,199,255",
                    "layer": "4.00",
                    "x": "887.88",
                    "y": "317.08"
                }
            },
            {
                "_attributes": {
                    "id": "5891404368",
                    "type": "amenity.cafe",
                    "color": "237,199,199",
                    "layer": "4.00",
                    "x": "924.46",
                    "y": "341.07"
                }
            },
            {
                "_attributes": {
                    "id": "611853263",
                    "type": "shop.alcohol",
                    "color": "237,199,255",
                    "layer": "4.00",
                    "x": "929.74",
                    "y": "504.20"
                }
            },
            {
                "_attributes": {
                    "id": "611853272",
                    "type": "amenity.restaurant",
                    "color": "237,199,199",
                    "layer": "4.00",
                    "x": "915.69",
                    "y": "520.86"
                }
            },
            {
                "_attributes": {
                    "id": "6207682823",
                    "type": "shop.seafood",
                    "color": "237,199,255",
                    "layer": "4.00",
                    "x": "896.47",
                    "y": "516.54"
                }
            },
            {
                "_attributes": {
                    "id": "6207682824",
                    "type": "shop.convenience",
                    "color": "237,199,255",
                    "layer": "4.00",
                    "x": "903.87",
                    "y": "513.76"
                }
            },
            {
                "_attributes": {
                    "id": "6207682825",
                    "type": "amenity.payment_terminal",
                    "color": "237,199,199",
                    "layer": "4.00",
                    "x": "917.29",
                    "y": "508.80"
                }
            },
            {
                "_attributes": {
                    "id": "6207682830",
                    "type": "amenity.fountain",
                    "color": "237,199,199",
                    "layer": "4.00",
                    "x": "874.77",
                    "y": "523.08"
                }
            },
            {
                "_attributes": {
                    "id": "6207682832",
                    "type": "shop.convenience",
                    "color": "237,199,255",
                    "layer": "4.00",
                    "x": "940.60",
                    "y": "489.19"
                }
            },
            {
                "_attributes": {
                    "id": "6207682864",
                    "type": "shop.confectionery",
                    "color": "237,199,255",
                    "layer": "4.00",
                    "x": "945.38",
                    "y": "487.26"
                }
            },
            {
                "_attributes": {
                    "id": "711739932",
                    "type": "shop.hairdresser",
                    "color": "237,199,255",
                    "layer": "4.00",
                    "x": "894.65",
                    "y": "290.79"
                }
            },
            {
                "_attributes": {
                    "id": "7126269732",
                    "type": "amenity.payment_terminal",
                    "color": "237,199,199",
                    "layer": "4.00",
                    "x": "765.80",
                    "y": "427.03"
                }
            },
            {
                "_attributes": {
                    "id": "7126269733",
                    "type": "amenity.payment_terminal",
                    "color": "237,199,199",
                    "layer": "4.00",
                    "x": "779.06",
                    "y": "428.07"
                }
            },
            {
                "_attributes": {
                    "id": "7126269734",
                    "type": "amenity.payment_terminal",
                    "color": "237,199,199",
                    "layer": "4.00",
                    "x": "772.12",
                    "y": "428.62"
                }
            },
            {
                "_attributes": {
                    "id": "7126269735",
                    "type": "amenity.pharmacy",
                    "color": "237,199,199",
                    "layer": "4.00",
                    "x": "789.23",
                    "y": "356.72"
                }
            },
            {
                "_attributes": {
                    "id": "7126269736",
                    "type": "shop.beauty",
                    "color": "237,199,255",
                    "layer": "4.00",
                    "x": "763.06",
                    "y": "366.87"
                }
            },
            {
                "_attributes": {
                    "id": "7126269738",
                    "type": "amenity.police",
                    "color": "237,199,199",
                    "layer": "4.00",
                    "x": "735.38",
                    "y": "374.71"
                }
            },
            {
                "_attributes": {
                    "id": "7126269741",
                    "type": "amenity.dentist",
                    "color": "237,199,199",
                    "layer": "4.00",
                    "x": "816.58",
                    "y": "346.23"
                }
            },
            {
                "_attributes": {
                    "id": "7126269742",
                    "type": "shop.beauty",
                    "color": "237,199,255",
                    "layer": "4.00",
                    "x": "864.23",
                    "y": "326.75"
                }
            },
            {
                "_attributes": {
                    "id": "7126269743",
                    "type": "amenity.doctors",
                    "color": "237,199,199",
                    "layer": "4.00",
                    "x": "855.43",
                    "y": "330.51"
                }
            },
            {
                "_attributes": {
                    "id": "7126269744",
                    "type": "shop.alcohol",
                    "color": "237,199,255",
                    "layer": "4.00",
                    "x": "844.86",
                    "y": "334.72"
                }
            },
            {
                "_attributes": {
                    "id": "7126269745",
                    "type": "amenity.pharmacy",
                    "color": "237,199,199",
                    "layer": "4.00",
                    "x": "918.97",
                    "y": "355.78"
                }
            },
            {
                "_attributes": {
                    "id": "7126269747",
                    "type": "shop.alcohol",
                    "color": "237,199,255",
                    "layer": "4.00",
                    "x": "926.51",
                    "y": "348.74"
                }
            },
            {
                "_attributes": {
                    "id": "7826267300",
                    "type": "leisure.sauna",
                    "color": "207,245,201",
                    "layer": "3.00",
                    "x": "935.51",
                    "y": "508.76"
                }
            },
            {
                "_attributes": {
                    "id": "8560535684",
                    "type": "amenity.recycling",
                    "color": "237,199,199",
                    "layer": "4.00",
                    "x": "899.95",
                    "y": "411.48"
                }
            },
            {
                "_attributes": {
                    "id": "8752557686",
                    "type": "leisure.sauna",
                    "color": "207,245,201",
                    "layer": "3.00",
                    "x": "939.83",
                    "y": "514.20"
                }
            },
            {
                "_attributes": {
                    "id": "9076608155",
                    "type": "shop.outpost",
                    "color": "237,199,255",
                    "layer": "4.00",
                    "x": "757.35",
                    "y": "370.35"
                }
            },
            {
                "_attributes": {
                    "id": "9748887480",
                    "type": "amenity.payment_terminal",
                    "color": "237,199,199",
                    "layer": "4.00",
                    "x": "1253.67",
                    "y": "544.57"
                }
            }
        ]
    }
}