{
    "_declaration": {
        "_attributes": {
            "version": "1.0",
            "encoding": "UTF-8"
        }
    },
    "_comment": " generated on Mon May 13 08:17:43 2024 by SUMO duarouter Version 0.32.0\n<?xml version=\"1.0\" encoding=\"UTF-8\"?>\n\n<configuration xmlns:xsi=\"http://www.w3.org/2001/XMLSchema-instance\" xsi:noNamespaceSchemaLocation=\"http://sumo.dlr.de/xsd/duarouterConfiguration.xsd\">\n\n    <input>\n        <net-file value=\"osm.net.xml\"/>\n        <route-files value=\"osm.passenger.trips.xml\"/>\n    </input>\n\n    <output>\n        <output-file value=\"osm.passenger.rou.xml\"/>\n        <alternatives-output value=\"osm.passenger.rou.alt.xml\"/>\n    </output>\n\n    <processing>\n        <ignore-errors value=\"true\"/>\n    </processing>\n\n    <time>\n        <begin value=\"0\"/>\n        <end value=\"3600.0\"/>\n    </time>\n\n    <report>\n        <no-warnings value=\"true\"/>\n        <no-step-log value=\"true\"/>\n    </report>\n\n</configuration>\n",
    "routes": {
        "_attributes": {
            "xmlns:xsi": "http://www.w3.org/2001/XMLSchema-instance",
            "xsi:noNamespaceSchemaLocation": "http://sumo.dlr.de/xsd/routes_file.xsd"
        },
        "vType": {
            "_attributes": {
                "id": "passenger",
                "speedFactor": "normc(1.00,0.10,0.20,2.00)",
                "vClass": "passenger"
            }
        },
        "vehicle": [
            {
                "_attributes": {
                    "id": "veh0",
                    "type": "passenger",
                    "depart": "0.00",
                    "departLane": "best"
                },
                "route": {
                    "_attributes": {
                        "edges": "23254558#0 23254558#1 23254558#4 -38963644 -301243903#2 -301243903#0"
                    }
                }
            },
            {
                "_attributes": {
                    "id": "veh1",
                    "type": "passenger",
                    "depart": "26.67",
                    "departLane": "best"
                },
                "route": {
                    "_attributes": {
                        "edges": "808404757 1160736369 23254522#0"
                    }
                }
            },
            {
                "_attributes": {
                    "id": "veh2",
                    "type": "passenger",
                    "depart": "53.35",
                    "departLane": "best"
                },
                "route": {
                    "_attributes": {
                        "edges": "83861791#0 83861791#1 83861791#2 83861791#3 -23254558#5 -23254558#3 -23254558#0"
                    }
                }
            },
            {
                "_attributes": {
                    "id": "veh3",
                    "type": "passenger",
                    "depart": "80.02",
                    "departLane": "best"
                },
                "route": {
                    "_attributes": {
                        "edges": "301243903#0 301243903#1 38963644 -23254558#5 -23254558#3 -23254558#0"
                    }
                }
            },
            {
                "_attributes": {
                    "id": "veh4",
                    "type": "passenger",
                    "depart": "106.70",
                    "departLane": "best"
                },
                "route": {
                    "_attributes": {
                        "edges": "23254558#0 23254558#1 23254558#4 1160736370 23254539#0 23254539#1 23254539#2 435282150#0 435282150#1 120840401#0 120840401#2"
                    }
                }
            },
            {
                "_attributes": {
                    "id": "veh5",
                    "type": "passenger",
                    "depart": "133.37",
                    "departLane": "best"
                },
                "route": {
                    "_attributes": {
                        "edges": "-301243903#2 -301243903#0"
                    }
                }
            },
            {
                "_attributes": {
                    "id": "veh6",
                    "type": "passenger",
                    "depart": "160.05",
                    "departLane": "best"
                },
                "route": {
                    "_attributes": {
                        "edges": "435282152#0 435282152#2 435282152#3 435282150#0 435282150#1 120840401#0 120840401#2"
                    }
                }
            },
            {
                "_attributes": {
                    "id": "veh7",
                    "type": "passenger",
                    "depart": "186.72",
                    "departLane": "best"
                },
                "route": {
                    "_attributes": {
                        "edges": "808404757 808404758 38963644 -23254558#5 -23254558#3 -23254558#0"
                    }
                }
            },
            {
                "_attributes": {
                    "id": "veh8",
                    "type": "passenger",
                    "depart": "213.40",
                    "departLane": "best"
                },
                "route": {
                    "_attributes": {
                        "edges": "808404757 1160736369 23254522#0"
                    }
                }
            },
            {
                "_attributes": {
                    "id": "veh9",
                    "type": "passenger",
                    "depart": "240.07",
                    "departLane": "best"
                },
                "route": {
                    "_attributes": {
                        "edges": "83861791#0 83861791#1 83861791#2 83861791#3 -38963644"
                    }
                }
            },
            {
                "_attributes": {
                    "id": "veh11",
                    "type": "passenger",
                    "depart": "293.42",
                    "departLane": "best"
                },
                "route": {
                    "_attributes": {
                        "edges": "83861791#0 83861791#1 83861791#2 83861791#3 1160736370 23254522#0"
                    }
                }
            },
            {
                "_attributes": {
                    "id": "veh12",
                    "type": "passenger",
                    "depart": "320.10",
                    "departLane": "best"
                },
                "route": {
                    "_attributes": {
                        "edges": "808404757 1160736369 23254539#0 23254539#1"
                    }
                }
            },
            {
                "_attributes": {
                    "id": "veh14",
                    "type": "passenger",
                    "depart": "373.45",
                    "departLane": "best"
                },
                "route": {
                    "_attributes": {
                        "edges": "808404758 38963644 1160736370 23254522#0"
                    }
                }
            },
            {
                "_attributes": {
                    "id": "veh15",
                    "type": "passenger",
                    "depart": "400.12",
                    "departLane": "best"
                },
                "route": {
                    "_attributes": {
                        "edges": "83861791#0 83861791#1 83861791#2 83861791#3 1160736370 23254522#0"
                    }
                }
            },
            {
                "_attributes": {
                    "id": "veh16",
                    "type": "passenger",
                    "depart": "426.79",
                    "departLane": "best"
                },
                "route": {
                    "_attributes": {
                        "edges": "808404757 808404758 38963644 -23254558#5 -23254558#3 -23254558#0"
                    }
                }
            },
            {
                "_attributes": {
                    "id": "veh17",
                    "type": "passenger",
                    "depart": "453.47",
                    "departLane": "best"
                },
                "route": {
                    "_attributes": {
                        "edges": "23254558#0 23254558#1 23254558#4 -38963644 -301243903#2 -301243903#0"
                    }
                }
            },
            {
                "_attributes": {
                    "id": "veh18",
                    "type": "passenger",
                    "depart": "480.14",
                    "departLane": "best"
                },
                "route": {
                    "_attributes": {
                        "edges": "1160736370 23254539#0 23254539#1 23254539#2 435282150#0 435282150#1 23254552#0 23254552#1 23254552#2 808404758 -301243903#2 -301243903#0"
                    }
                }
            },
            {
                "_attributes": {
                    "id": "veh21",
                    "type": "passenger",
                    "depart": "560.17",
                    "departLane": "best"
                },
                "route": {
                    "_attributes": {
                        "edges": "83861791#3 1160736370 23254522#0"
                    }
                }
            },
            {
                "_attributes": {
                    "id": "veh22",
                    "type": "passenger",
                    "depart": "586.84",
                    "departLane": "best"
                },
                "route": {
                    "_attributes": {
                        "edges": "83861791#0 83861791#1 83861791#2 83861791#3 1160736370 23254539#0 23254539#1 23254539#2 435282150#0 435282150#1 23254552#0 23254552#1 23254552#2"
                    }
                }
            },
            {
                "_attributes": {
                    "id": "veh23",
                    "type": "passenger",
                    "depart": "613.52",
                    "departLane": "best"
                },
                "route": {
                    "_attributes": {
                        "edges": "23254558#4 -38963644 -301243903#2 -301243903#0"
                    }
                }
            },
            {
                "_attributes": {
                    "id": "veh25",
                    "type": "passenger",
                    "depart": "666.87",
                    "departLane": "best"
                },
                "route": {
                    "_attributes": {
                        "edges": "83861791#0 83861791#1 83861791#2 83861791#3 -38963644 -301243903#2 -301243903#0"
                    }
                }
            },
            {
                "_attributes": {
                    "id": "veh26",
                    "type": "passenger",
                    "depart": "693.54",
                    "departLane": "best"
                },
                "route": {
                    "_attributes": {
                        "edges": "435282152#0 435282152#2 435282152#3 435282150#0 435282150#1 23254552#0 23254552#1 23254552#2 808404758 23254763#0 23254763#2 23254763#3 1167747356#1"
                    }
                }
            },
            {
                "_attributes": {
                    "id": "veh27",
                    "type": "passenger",
                    "depart": "720.22",
                    "departLane": "best"
                },
                "route": {
                    "_attributes": {
                        "edges": "83861791#0 83861791#1 83861791#2 83861791#3 1160736370 23254539#0 23254539#1 23254539#2 435282150#0 435282150#1 120840401#0 120840401#2"
                    }
                }
            },
            {
                "_attributes": {
                    "id": "veh28",
                    "type": "passenger",
                    "depart": "746.89",
                    "departLane": "best"
                },
                "route": {
                    "_attributes": {
                        "edges": "23254558#0 23254558#1 23254558#4 -38963644 -301243903#2 -301243903#0"
                    }
                }
            },
            {
                "_attributes": {
                    "id": "veh29",
                    "type": "passenger",
                    "depart": "773.56",
                    "departLane": "best"
                },
                "route": {
                    "_attributes": {
                        "edges": "435282152#0 435282152#2 435282152#3 435282150#0 435282150#1 23254552#0 23254552#1 23254552#2 808404758 -301243903#2 -301243903#0"
                    }
                }
            },
            {
                "_attributes": {
                    "id": "veh30",
                    "type": "passenger",
                    "depart": "800.24",
                    "departLane": "best"
                },
                "route": {
                    "_attributes": {
                        "edges": "435282152#0 435282152#2 435282152#3 435282150#0 435282150#1"
                    }
                }
            },
            {
                "_attributes": {
                    "id": "veh31",
                    "type": "passenger",
                    "depart": "826.91",
                    "departLane": "best"
                },
                "route": {
                    "_attributes": {
                        "edges": "83861791#3 1160736370 23254539#0 23254539#1 23254539#2 435282150#0 435282150#1 120840401#0 120840401#2"
                    }
                }
            },
            {
                "_attributes": {
                    "id": "veh33",
                    "type": "passenger",
                    "depart": "880.26",
                    "departLane": "best"
                },
                "route": {
                    "_attributes": {
                        "edges": "23254539#0 23254539#1 23254539#2 435282150#0 435282150#1 23254552#0 23254552#1 23254552#2 1160736369 23254522#0"
                    }
                }
            },
            {
                "_attributes": {
                    "id": "veh34",
                    "type": "passenger",
                    "depart": "906.94",
                    "departLane": "best"
                },
                "route": {
                    "_attributes": {
                        "edges": "83861791#3 1160736370 23254539#0 23254539#1 23254539#2 435282150#0 435282150#1 120840401#0 120840401#2"
                    }
                }
            },
            {
                "_attributes": {
                    "id": "veh35",
                    "type": "passenger",
                    "depart": "933.61",
                    "departLane": "best"
                },
                "route": {
                    "_attributes": {
                        "edges": "435282152#3 435282150#0 435282150#1 120840401#0 120840401#2"
                    }
                }
            },
            {
                "_attributes": {
                    "id": "veh36",
                    "type": "passenger",
                    "depart": "960.29",
                    "departLane": "best"
                },
                "route": {
                    "_attributes": {
                        "edges": "23254539#0 23254539#1 23254539#2 435282150#0 435282150#1 120840401#0 120840401#2"
                    }
                }
            },
            {
                "_attributes": {
                    "id": "veh37",
                    "type": "passenger",
                    "depart": "986.96",
                    "departLane": "best"
                },
                "route": {
                    "_attributes": {
                        "edges": "301243903#0 301243903#1 38963644 1160736370 23254539#0 23254539#1 23254539#2 435282150#0 435282150#1 23254552#0 23254552#1 23254552#2 808404758"
                    }
                }
            },
            {
                "_attributes": {
                    "id": "veh38",
                    "type": "passenger",
                    "depart": "1013.64",
                    "departLane": "best"
                },
                "route": {
                    "_attributes": {
                        "edges": "83861791#0 83861791#1 83861791#2 83861791#3 -38963644 -301243903#2 -301243903#0"
                    }
                }
            },
            {
                "_attributes": {
                    "id": "veh39",
                    "type": "passenger",
                    "depart": "1040.31",
                    "departLane": "best"
                },
                "route": {
                    "_attributes": {
                        "edges": "38963644 -38963644 -301243903#2 -301243903#0"
                    }
                }
            },
            {
                "_attributes": {
                    "id": "veh40",
                    "type": "passenger",
                    "depart": "1066.99",
                    "departLane": "best"
                },
                "route": {
                    "_attributes": {
                        "edges": "83861791#0 83861791#1 83861791#2 83861791#3 -38963644 38963644"
                    }
                }
            },
            {
                "_attributes": {
                    "id": "veh41",
                    "type": "passenger",
                    "depart": "1093.66",
                    "departLane": "best"
                },
                "route": {
                    "_attributes": {
                        "edges": "-23254558#3 23254558#1 23254558#4 -38963644 -301243903#2"
                    }
                }
            },
            {
                "_attributes": {
                    "id": "veh42",
                    "type": "passenger",
                    "depart": "1120.34",
                    "departLane": "best"
                },
                "route": {
                    "_attributes": {
                        "edges": "83861791#0 83861791#1 83861791#2 83861791#3 1160736370 23254539#0 23254539#1 23254539#2 435282150#0 435282150#1 23254552#0 23254552#1 23254552#2 808404758"
                    }
                }
            },
            {
                "_attributes": {
                    "id": "veh44",
                    "type": "passenger",
                    "depart": "1173.68",
                    "departLane": "best"
                },
                "route": {
                    "_attributes": {
                        "edges": "808404757 808404758 38963644 -23254558#5 -23254558#3 -23254558#0"
                    }
                }
            },
            {
                "_attributes": {
                    "id": "veh45",
                    "type": "passenger",
                    "depart": "1200.36",
                    "departLane": "best"
                },
                "route": {
                    "_attributes": {
                        "edges": "23254558#0 23254558#1 23254558#4 -38963644 38963644"
                    }
                }
            },
            {
                "_attributes": {
                    "id": "veh46",
                    "type": "passenger",
                    "depart": "1227.03",
                    "departLane": "best"
                },
                "route": {
                    "_attributes": {
                        "edges": "23254558#0 23254558#1 23254558#4 -38963644 -301243903#2 -301243903#0"
                    }
                }
            },
            {
                "_attributes": {
                    "id": "veh47",
                    "type": "passenger",
                    "depart": "1253.71",
                    "departLane": "best"
                },
                "route": {
                    "_attributes": {
                        "edges": "83861791#3 1160736370 23254522#0"
                    }
                }
            },
            {
                "_attributes": {
                    "id": "veh48",
                    "type": "passenger",
                    "depart": "1280.38",
                    "departLane": "best"
                },
                "route": {
                    "_attributes": {
                        "edges": "23254539#1 23254539#2 435282150#0 435282150#1 23254552#0 23254552#1 23254552#2 808404758 -301243903#2 -301243903#0"
                    }
                }
            },
            {
                "_attributes": {
                    "id": "veh50",
                    "type": "passenger",
                    "depart": "1333.73",
                    "departLane": "best"
                },
                "route": {
                    "_attributes": {
                        "edges": "23254558#0 23254558#1 23254558#4 -38963644 -301243903#2 -301243903#0"
                    }
                }
            },
            {
                "_attributes": {
                    "id": "veh51",
                    "type": "passenger",
                    "depart": "1360.41",
                    "departLane": "best"
                },
                "route": {
                    "_attributes": {
                        "edges": "1160736370 23254522#0"
                    }
                }
            },
            {
                "_attributes": {
                    "id": "veh52",
                    "type": "passenger",
                    "depart": "1387.08",
                    "departLane": "best"
                },
                "route": {
                    "_attributes": {
                        "edges": "23254558#0 23254558#1 23254558#4 1160736370 23254539#0 23254539#1 23254539#2 435282150#0 435282150#1"
                    }
                }
            },
            {
                "_attributes": {
                    "id": "veh53",
                    "type": "passenger",
                    "depart": "1413.76",
                    "departLane": "best"
                },
                "route": {
                    "_attributes": {
                        "edges": "83861791#0 83861791#1 83861791#2 83861791#3 -23254558#5 -23254558#3 -23254558#0"
                    }
                }
            },
            {
                "_attributes": {
                    "id": "veh54",
                    "type": "passenger",
                    "depart": "1440.43",
                    "departLane": "best"
                },
                "route": {
                    "_attributes": {
                        "edges": "83861791#0 83861791#1 83861791#2 83861791#3 1160736370 23254522#0"
                    }
                }
            },
            {
                "_attributes": {
                    "id": "veh55",
                    "type": "passenger",
                    "depart": "1467.11",
                    "departLane": "best"
                },
                "route": {
                    "_attributes": {
                        "edges": "301243903#0 301243903#1 38963644 1160736370 23254539#0 23254539#1 23254539#2 435282150#0 435282150#1 23254552#0 23254552#1 23254552#2"
                    }
                }
            },
            {
                "_attributes": {
                    "id": "veh56",
                    "type": "passenger",
                    "depart": "1493.78",
                    "departLane": "best"
                },
                "route": {
                    "_attributes": {
                        "edges": "808404757 1160736369 23254522#0"
                    }
                }
            },
            {
                "_attributes": {
                    "id": "veh57",
                    "type": "passenger",
                    "depart": "1520.46",
                    "departLane": "best"
                },
                "route": {
                    "_attributes": {
                        "edges": "83861791#2 83861791#3 -23254558#5 -23254558#3 -23254558#0"
                    }
                }
            },
            {
                "_attributes": {
                    "id": "veh58",
                    "type": "passenger",
                    "depart": "1547.13",
                    "departLane": "best"
                },
                "route": {
                    "_attributes": {
                        "edges": "301243903#0 301243903#1 38963644 -38963644"
                    }
                }
            },
            {
                "_attributes": {
                    "id": "veh59",
                    "type": "passenger",
                    "depart": "1573.80",
                    "departLane": "best"
                },
                "route": {
                    "_attributes": {
                        "edges": "83861791#0 83861791#1 83861791#2 83861791#3 -38963644 -301243903#2 -301243903#0"
                    }
                }
            },
            {
                "_attributes": {
                    "id": "veh60",
                    "type": "passenger",
                    "depart": "1600.48",
                    "departLane": "best"
                },
                "route": {
                    "_attributes": {
                        "edges": "23254558#0 23254558#1 23254558#4 1160736370 23254539#0 23254539#1 23254539#2 435282150#0 435282150#1 120840401#0 120840401#2"
                    }
                }
            },
            {
                "_attributes": {
                    "id": "veh62",
                    "type": "passenger",
                    "depart": "1653.83",
                    "departLane": "best"
                },
                "route": {
                    "_attributes": {
                        "edges": "301243903#0 301243903#1"
                    }
                }
            },
            {
                "_attributes": {
                    "id": "veh64",
                    "type": "passenger",
                    "depart": "1707.18",
                    "departLane": "best"
                },
                "route": {
                    "_attributes": {
                        "edges": "83861791#0 83861791#1 83861791#2 83861791#3 -23254558#5"
                    }
                }
            },
            {
                "_attributes": {
                    "id": "veh65",
                    "type": "passenger",
                    "depart": "1733.85",
                    "departLane": "best"
                },
                "route": {
                    "_attributes": {
                        "edges": "301243903#0 301243903#1 38963644 -23254558#5 -23254558#3 -23254558#0"
                    }
                }
            },
            {
                "_attributes": {
                    "id": "veh67",
                    "type": "passenger",
                    "depart": "1787.20",
                    "departLane": "best"
                },
                "route": {
                    "_attributes": {
                        "edges": "23254558#0 23254558#1 23254558#4 1160736370 23254539#0 23254539#1 23254539#2 435282150#0 435282150#1 23254552#0 23254552#1 23254552#2"
                    }
                }
            },
            {
                "_attributes": {
                    "id": "veh68",
                    "type": "passenger",
                    "depart": "1813.88",
                    "departLane": "best"
                },
                "route": {
                    "_attributes": {
                        "edges": "83861791#0 83861791#1 83861791#2 83861791#3"
                    }
                }
            },
            {
                "_attributes": {
                    "id": "veh69",
                    "type": "passenger",
                    "depart": "1840.55",
                    "departLane": "best"
                },
                "route": {
                    "_attributes": {
                        "edges": "23254552#1 23254552#2 808404758 -301243903#2 -301243903#0"
                    }
                }
            },
            {
                "_attributes": {
                    "id": "veh70",
                    "type": "passenger",
                    "depart": "1867.23",
                    "departLane": "best"
                },
                "route": {
                    "_attributes": {
                        "edges": "83861791#1 83861791#2 83861791#3 1160736370 23254522#0"
                    }
                }
            },
            {
                "_attributes": {
                    "id": "veh71",
                    "type": "passenger",
                    "depart": "1893.90",
                    "departLane": "best"
                },
                "route": {
                    "_attributes": {
                        "edges": "435282152#0 435282152#2 435282152#3 435282150#0 435282150#1 23254552#0"
                    }
                }
            },
            {
                "_attributes": {
                    "id": "veh73",
                    "type": "passenger",
                    "depart": "1947.25",
                    "departLane": "best"
                },
                "route": {
                    "_attributes": {
                        "edges": "1160736370 23254539#0 23254539#1 23254539#2 435282150#0 435282150#1 23254552#0 23254552#1 23254552#2 808404758 -301243903#2 -301243903#0"
                    }
                }
            },
            {
                "_attributes": {
                    "id": "veh74",
                    "type": "passenger",
                    "depart": "1973.92",
                    "departLane": "best"
                },
                "route": {
                    "_attributes": {
                        "edges": "83861791#0 83861791#1 83861791#2 83861791#3 -38963644 -301243903#2 -301243903#0"
                    }
                }
            },
            {
                "_attributes": {
                    "id": "veh75",
                    "type": "passenger",
                    "depart": "2000.60",
                    "departLane": "best"
                },
                "route": {
                    "_attributes": {
                        "edges": "301243903#0 301243903#1 38963644 1160736370 23254522#0"
                    }
                }
            },
            {
                "_attributes": {
                    "id": "veh76",
                    "type": "passenger",
                    "depart": "2027.27",
                    "departLane": "best"
                },
                "route": {
                    "_attributes": {
                        "edges": "23254558#0 23254558#1 23254558#4 1160736370 23254539#0"
                    }
                }
            },
            {
                "_attributes": {
                    "id": "veh77",
                    "type": "passenger",
                    "depart": "2053.95",
                    "departLane": "best"
                },
                "route": {
                    "_attributes": {
                        "edges": "23254558#0 23254558#1 23254558#4 -38963644 23254763#0 23254763#2 23254763#3 1167747356#1"
                    }
                }
            },
            {
                "_attributes": {
                    "id": "veh78",
                    "type": "passenger",
                    "depart": "2080.62",
                    "departLane": "best"
                },
                "route": {
                    "_attributes": {
                        "edges": "435282152#2 435282152#3 435282150#0 435282150#1 23254552#0 23254552#1 23254552#2 808404758 -301243903#2 -301243903#0"
                    }
                }
            },
            {
                "_attributes": {
                    "id": "veh79",
                    "type": "passenger",
                    "depart": "2107.30",
                    "departLane": "best"
                },
                "route": {
                    "_attributes": {
                        "edges": "1160736370 23254539#0 23254539#1 23254539#2 435282150#0 435282150#1 120840401#0 120840401#2"
                    }
                }
            },
            {
                "_attributes": {
                    "id": "veh80",
                    "type": "passenger",
                    "depart": "2133.97",
                    "departLane": "best"
                },
                "route": {
                    "_attributes": {
                        "edges": "1160736370 23254539#0 23254539#1 23254539#2 435282150#0 435282150#1 23254552#0 23254552#1 23254552#2 808404758 -301243903#2 -301243903#0"
                    }
                }
            },
            {
                "_attributes": {
                    "id": "veh82",
                    "type": "passenger",
                    "depart": "2187.32",
                    "departLane": "best"
                },
                "route": {
                    "_attributes": {
                        "edges": "83861791#0 83861791#1 83861791#2 83861791#3 -38963644 38963644"
                    }
                }
            },
            {
                "_attributes": {
                    "id": "veh83",
                    "type": "passenger",
                    "depart": "2214.00",
                    "departLane": "best"
                },
                "route": {
                    "_attributes": {
                        "edges": "301243903#0 301243903#1 38963644 -23254558#5 -23254558#3"
                    }
                }
            },
            {
                "_attributes": {
                    "id": "veh84",
                    "type": "passenger",
                    "depart": "2240.67",
                    "departLane": "best"
                },
                "route": {
                    "_attributes": {
                        "edges": "808404758 38963644 1160736370 23254522#0"
                    }
                }
            },
            {
                "_attributes": {
                    "id": "veh85",
                    "type": "passenger",
                    "depart": "2267.35",
                    "departLane": "best"
                },
                "route": {
                    "_attributes": {
                        "edges": "23254539#2 435282150#0 435282150#1 23254552#0 23254552#1 23254552#2 808404758 38963644 -23254558#5 -23254558#3 -23254558#0"
                    }
                }
            },
            {
                "_attributes": {
                    "id": "veh86",
                    "type": "passenger",
                    "depart": "2294.02",
                    "departLane": "best"
                },
                "route": {
                    "_attributes": {
                        "edges": "23254539#0 23254539#1 23254539#2 435282150#0 435282150#1 120840401#0 120840401#2"
                    }
                }
            },
            {
                "_attributes": {
                    "id": "veh87",
                    "type": "passenger",
                    "depart": "2320.69",
                    "departLane": "best"
                },
                "route": {
                    "_attributes": {
                        "edges": "435282152#0 435282152#2 435282152#3 435282150#0 435282150#1 23254552#0 23254552#1 23254552#2 808404758 -301243903#2 -301243903#0"
                    }
                }
            },
            {
                "_attributes": {
                    "id": "veh88",
                    "type": "passenger",
                    "depart": "2347.37",
                    "departLane": "best"
                },
                "route": {
                    "_attributes": {
                        "edges": "83861791#0 83861791#1 83861791#2 83861791#3 -23254558#5 -23254558#3 -23254558#0"
                    }
                }
            },
            {
                "_attributes": {
                    "id": "veh89",
                    "type": "passenger",
                    "depart": "2374.04",
                    "departLane": "best"
                },
                "route": {
                    "_attributes": {
                        "edges": "435282152#0 435282152#2 435282152#3 435282150#0 435282150#1 23254552#0 23254552#1 23254552#2 808404758 -301243903#2 -301243903#0"
                    }
                }
            },
            {
                "_attributes": {
                    "id": "veh90",
                    "type": "passenger",
                    "depart": "2400.72",
                    "departLane": "best"
                },
                "route": {
                    "_attributes": {
                        "edges": "301243903#0 301243903#1 38963644 -23254558#5 -23254558#3 -23254558#0"
                    }
                }
            },
            {
                "_attributes": {
                    "id": "veh91",
                    "type": "passenger",
                    "depart": "2427.39",
                    "departLane": "best"
                },
                "route": {
                    "_attributes": {
                        "edges": "83861791#0 83861791#1 83861791#2 83861791#3 1160736370 23254539#0 23254539#1 23254539#2 435282150#0 435282150#1 120840401#0 120840401#2"
                    }
                }
            },
            {
                "_attributes": {
                    "id": "veh92",
                    "type": "passenger",
                    "depart": "2454.07",
                    "departLane": "best"
                },
                "route": {
                    "_attributes": {
                        "edges": "808404758 38963644 1160736370 23254522#0"
                    }
                }
            },
            {
                "_attributes": {
                    "id": "veh93",
                    "type": "passenger",
                    "depart": "2480.74",
                    "departLane": "best"
                },
                "route": {
                    "_attributes": {
                        "edges": "23254552#0 23254552#1 23254552#2 808404758 38963644 -23254558#5 -23254558#3 -23254558#0"
                    }
                }
            },
            {
                "_attributes": {
                    "id": "veh94",
                    "type": "passenger",
                    "depart": "2507.42",
                    "departLane": "best"
                },
                "route": {
                    "_attributes": {
                        "edges": "808404757 808404758 -301243903#2 301243903#1"
                    }
                }
            },
            {
                "_attributes": {
                    "id": "veh95",
                    "type": "passenger",
                    "depart": "2534.09",
                    "departLane": "best"
                },
                "route": {
                    "_attributes": {
                        "edges": "83861791#0 83861791#1 83861791#2 83861791#3 -38963644 -301243903#2 -301243903#0"
                    }
                }
            },
            {
                "_attributes": {
                    "id": "veh96",
                    "type": "passenger",
                    "depart": "2560.77",
                    "departLane": "best"
                },
                "route": {
                    "_attributes": {
                        "edges": "808404757 1160736369 23254539#0 23254539#1 23254539#2 435282150#0"
                    }
                }
            },
            {
                "_attributes": {
                    "id": "veh97",
                    "type": "passenger",
                    "depart": "2587.44",
                    "departLane": "best"
                },
                "route": {
                    "_attributes": {
                        "edges": "301243903#0 301243903#1 38963644 1160736370 23254522#0"
                    }
                }
            },
            {
                "_attributes": {
                    "id": "veh98",
                    "type": "passenger",
                    "depart": "2614.12",
                    "departLane": "best"
                },
                "route": {
                    "_attributes": {
                        "edges": "808404757 1160736369 23254539#0 23254539#1 23254539#2 435282150#0"
                    }
                }
            },
            {
                "_attributes": {
                    "id": "veh99",
                    "type": "passenger",
                    "depart": "2640.79",
                    "departLane": "best"
                },
                "route": {
                    "_attributes": {
                        "edges": "808404757 808404758 -301243903#2 301243903#1"
                    }
                }
            },
            {
                "_attributes": {
                    "id": "veh100",
                    "type": "passenger",
                    "depart": "2667.46",
                    "departLane": "best"
                },
                "route": {
                    "_attributes": {
                        "edges": "808404757 808404758 38963644 -23254558#5 -23254558#3 -23254558#0"
                    }
                }
            },
            {
                "_attributes": {
                    "id": "veh101",
                    "type": "passenger",
                    "depart": "2694.14",
                    "departLane": "best"
                },
                "route": {
                    "_attributes": {
                        "edges": "83861791#0 83861791#1 83861791#2 83861791#3 -38963644 -301243903#2 301243903#1"
                    }
                }
            },
            {
                "_attributes": {
                    "id": "veh102",
                    "type": "passenger",
                    "depart": "2720.81",
                    "departLane": "best"
                },
                "route": {
                    "_attributes": {
                        "edges": "23254558#0 23254558#1 23254558#4 -38963644 23254763#0"
                    }
                }
            },
            {
                "_attributes": {
                    "id": "veh103",
                    "type": "passenger",
                    "depart": "2747.49",
                    "departLane": "best"
                },
                "route": {
                    "_attributes": {
                        "edges": "-301243903#2 -301243903#0"
                    }
                }
            },
            {
                "_attributes": {
                    "id": "veh104",
                    "type": "passenger",
                    "depart": "2774.16",
                    "departLane": "best"
                },
                "route": {
                    "_attributes": {
                        "edges": "83861791#1 83861791#2 83861791#3 -38963644 -301243903#2 -301243903#0"
                    }
                }
            },
            {
                "_attributes": {
                    "id": "veh105",
                    "type": "passenger",
                    "depart": "2800.84",
                    "departLane": "best"
                },
                "route": {
                    "_attributes": {
                        "edges": "435282152#0 435282152#2 435282152#3 435282150#0 435282150#1 23254552#0 23254552#1 23254552#2 808404758 23254763#0 23254763#2 23254763#3 1167747356#1"
                    }
                }
            },
            {
                "_attributes": {
                    "id": "veh106",
                    "type": "passenger",
                    "depart": "2827.51",
                    "departLane": "best"
                },
                "route": {
                    "_attributes": {
                        "edges": "83861791#2 83861791#3 1160736370 23254539#0 23254539#1 23254539#2 435282150#0 435282150#1 120840401#0 120840401#2"
                    }
                }
            },
            {
                "_attributes": {
                    "id": "veh107",
                    "type": "passenger",
                    "depart": "2854.19",
                    "departLane": "best"
                },
                "route": {
                    "_attributes": {
                        "edges": "83861791#0 83861791#1 83861791#2 83861791#3 -23254558#5 -23254558#3 -23254558#0"
                    }
                }
            },
            {
                "_attributes": {
                    "id": "veh108",
                    "type": "passenger",
                    "depart": "2880.86",
                    "departLane": "best"
                },
                "route": {
                    "_attributes": {
                        "edges": "83861791#1 83861791#2 83861791#3 -38963644 -301243903#2 -301243903#0"
                    }
                }
            },
            {
                "_attributes": {
                    "id": "veh109",
                    "type": "passenger",
                    "depart": "2907.54",
                    "departLane": "best"
                },
                "route": {
                    "_attributes": {
                        "edges": "83861791#0 83861791#1 83861791#2 83861791#3 -38963644 -301243903#2 -301243903#0"
                    }
                }
            },
            {
                "_attributes": {
                    "id": "veh110",
                    "type": "passenger",
                    "depart": "2934.21",
                    "departLane": "best"
                },
                "route": {
                    "_attributes": {
                        "edges": "23254539#0 23254539#1 23254539#2 435282150#0 435282150#1 120840401#0 120840401#2"
                    }
                }
            },
            {
                "_attributes": {
                    "id": "veh111",
                    "type": "passenger",
                    "depart": "2960.89",
                    "departLane": "best"
                },
                "route": {
                    "_attributes": {
                        "edges": "435282152#0 435282152#2 435282152#3 435282150#0 435282150#1 120840401#0 120840401#2"
                    }
                }
            },
            {
                "_attributes": {
                    "id": "veh112",
                    "type": "passenger",
                    "depart": "2987.56",
                    "departLane": "best"
                },
                "route": {
                    "_attributes": {
                        "edges": "301243903#0 301243903#1 38963644 1160736370 23254522#0"
                    }
                }
            },
            {
                "_attributes": {
                    "id": "veh113",
                    "type": "passenger",
                    "depart": "3014.24",
                    "departLane": "best"
                },
                "route": {
                    "_attributes": {
                        "edges": "23254558#0 23254558#1 23254558#4 1160736370 23254539#0"
                    }
                }
            },
            {
                "_attributes": {
                    "id": "veh114",
                    "type": "passenger",
                    "depart": "3040.91",
                    "departLane": "best"
                },
                "route": {
                    "_attributes": {
                        "edges": "808404757 1160736369 23254522#0"
                    }
                }
            },
            {
                "_attributes": {
                    "id": "veh115",
                    "type": "passenger",
                    "depart": "3067.58",
                    "departLane": "best"
                },
                "route": {
                    "_attributes": {
                        "edges": "301243903#0 301243903#1 38963644 -23254558#5 -23254558#3 -23254558#0"
                    }
                }
            },
            {
                "_attributes": {
                    "id": "veh116",
                    "type": "passenger",
                    "depart": "3094.26",
                    "departLane": "best"
                },
                "route": {
                    "_attributes": {
                        "edges": "435282152#2 435282152#3 435282150#0 435282150#1 23254552#0 23254552#1 23254552#2 808404758 -301243903#2"
                    }
                }
            },
            {
                "_attributes": {
                    "id": "veh117",
                    "type": "passenger",
                    "depart": "3120.93",
                    "departLane": "best"
                },
                "route": {
                    "_attributes": {
                        "edges": "23254558#1 23254558#4 -38963644 23254763#0 23254763#2 23254763#3"
                    }
                }
            },
            {
                "_attributes": {
                    "id": "veh118",
                    "type": "passenger",
                    "depart": "3147.61",
                    "departLane": "best"
                },
                "route": {
                    "_attributes": {
                        "edges": "23254558#1 23254558#4 1160736370 23254539#0 23254539#1 23254539#2 435282150#0 435282150#1 120840401#0"
                    }
                }
            },
            {
                "_attributes": {
                    "id": "veh119",
                    "type": "passenger",
                    "depart": "3174.28",
                    "departLane": "best"
                },
                "route": {
                    "_attributes": {
                        "edges": "23254539#1 23254539#2 435282150#0 435282150#1 120840401#0 120840401#2"
                    }
                }
            },
            {
                "_attributes": {
                    "id": "veh120",
                    "type": "passenger",
                    "depart": "3200.96",
                    "departLane": "best"
                },
                "route": {
                    "_attributes": {
                        "edges": "83861791#0 83861791#1 83861791#2 83861791#3 1160736370 23254522#0"
                    }
                }
            },
            {
                "_attributes": {
                    "id": "veh121",
                    "type": "passenger",
                    "depart": "3227.63",
                    "departLane": "best"
                },
                "route": {
                    "_attributes": {
                        "edges": "83861791#0 83861791#1 83861791#2 83861791#3 1160736370 23254522#0"
                    }
                }
            },
            {
                "_attributes": {
                    "id": "veh122",
                    "type": "passenger",
                    "depart": "3254.31",
                    "departLane": "best"
                },
                "route": {
                    "_attributes": {
                        "edges": "23254558#0 23254558#1 23254558#4 1160736370 23254539#0 23254539#1 23254539#2 435282150#0 435282150#1 120840401#0 120840401#2"
                    }
                }
            },
            {
                "_attributes": {
                    "id": "veh123",
                    "type": "passenger",
                    "depart": "3280.98",
                    "departLane": "best"
                },
                "route": {
                    "_attributes": {
                        "edges": "-23254558#3 23254558#1 23254558#4 -38963644 -301243903#2 -301243903#0"
                    }
                }
            },
            {
                "_attributes": {
                    "id": "veh124",
                    "type": "passenger",
                    "depart": "3307.66",
                    "departLane": "best"
                },
                "route": {
                    "_attributes": {
                        "edges": "301243903#0 301243903#1 38963644 1160736370 23254522#0"
                    }
                }
            },
            {
                "_attributes": {
                    "id": "veh125",
                    "type": "passenger",
                    "depart": "3334.33",
                    "departLane": "best"
                },
                "route": {
                    "_attributes": {
                        "edges": "435282152#0 435282152#2 435282152#3 435282150#0 435282150#1 120840401#0 120840401#2"
                    }
                }
            },
            {
                "_attributes": {
                    "id": "veh126",
                    "type": "passenger",
                    "depart": "3361.01",
                    "departLane": "best"
                },
                "route": {
                    "_attributes": {
                        "edges": "301243903#0 301243903#1 38963644 1160736370 23254539#0 23254539#1 23254539#2 435282150#0 435282150#1"
                    }
                }
            },
            {
                "_attributes": {
                    "id": "veh127",
                    "type": "passenger",
                    "depart": "3387.68",
                    "departLane": "best"
                },
                "route": {
                    "_attributes": {
                        "edges": "808404757 808404758 38963644 -23254558#5"
                    }
                }
            },
            {
                "_attributes": {
                    "id": "veh129",
                    "type": "passenger",
                    "depart": "3441.03",
                    "departLane": "best"
                },
                "route": {
                    "_attributes": {
                        "edges": "435282152#0 435282152#2 435282152#3 435282150#0 435282150#1 23254552#0 23254552#1 23254552#2 808404758 38963644 -38963644"
                    }
                }
            },
            {
                "_attributes": {
                    "id": "veh130",
                    "type": "passenger",
                    "depart": "3467.70",
                    "departLane": "best"
                },
                "route": {
                    "_attributes": {
                        "edges": "808404757 1160736369 23254539#0 23254539#1 23254539#2 435282150#0 435282150#1 23254552#0"
                    }
                }
            },
            {
                "_attributes": {
                    "id": "veh131",
                    "type": "passenger",
                    "depart": "3494.38",
                    "departLane": "best"
                },
                "route": {
                    "_attributes": {
                        "edges": "435282152#2 435282152#3 435282150#0 435282150#1 23254552#0 23254552#1 23254552#2 808404758 -301243903#2 -301243903#0"
                    }
                }
            },
            {
                "_attributes": {
                    "id": "veh132",
                    "type": "passenger",
                    "depart": "3521.05",
                    "departLane": "best"
                },
                "route": {
                    "_attributes": {
                        "edges": "23254558#0 23254558#1 23254558#4 1160736370 23254539#0 23254539#1 23254539#2 435282150#0 435282150#1 120840401#0 120840401#2"
                    }
                }
            },
            {
                "_attributes": {
                    "id": "veh133",
                    "type": "passenger",
                    "depart": "3547.73",
                    "departLane": "best"
                },
                "route": {
                    "_attributes": {
                        "edges": "83861791#0 83861791#1 83861791#2 83861791#3 -23254558#5 -23254558#3 -23254558#0"
                    }
                }
            },
            {
                "_attributes": {
                    "id": "veh134",
                    "type": "passenger",
                    "depart": "3574.40",
                    "departLane": "best"
                },
                "route": {
                    "_attributes": {
                        "edges": "301243903#0 301243903#1 38963644 1160736370 23254522#0"
                    }
                }
            }
        ]
    }
}